archivo,name,type,unit_header,nonfinite,min,max,mean,std,rms,zero_fraction,longest_exact_zero_s,unchanged_adjacent_fraction,changes_per_s,distinct_sampled_values
Subject_01.fif,EMG 1,emg,107 (FIFF_UNIT_V),0,-1514.3153076171875,1552.783935546875,-2.9991595156753268e-05,65.930985726616,65.93098572662282,9.928854243316502e-06,0.002,0.001066801405044746,499.4665992974776,19656
Subject_01.fif,EMG 2,emg,107 (FIFF_UNIT_V),0,-2166.4013671875,1801.497314453125,-1.8512260478242015e-05,71.06027413148622,71.06027413148864,7.722442189246169e-06,0.002,0.0009785448255167422,499.51072758724166,19673
Subject_01.fif,EMG 3,emg,107 (FIFF_UNIT_V),0,-2374.3056640625,1911.3504638671875,-1.9958476293550326e-05,77.43321587855809,77.43321587856066,2.206412054070334e-06,0.002,0.0009355197429968404,499.5322401285016,19705
Subject_01.fif,EMG 4,emg,107 (FIFF_UNIT_V),0,-3776.015380859375,2353.929443359375,-3.50411340373739e-05,90.71207102902159,90.71207102902835,6.619236162211002e-06,0.002,0.0008362310910278361,499.5818844544861,19754
Subject_01.fif,EMG 5,emg,107 (FIFF_UNIT_V),0,-2204.35986328125,2743.038330078125,-1.9121126899982278e-05,82.02806613141257,82.02806613141479,4.412824108140668e-06,0.002,0.000832921469295536,499.5835392653523,19724
Subject_01.fif,EMG 6,emg,107 (FIFF_UNIT_V),0,-2021.6025390625,2028.6961669921875,-3.0148257420455395e-05,76.05387538374167,76.05387538374764,4.412824108140668e-06,0.002,0.0008715337228390376,499.5642331385805,19716
Subject_01.fif,EMG 7,emg,107 (FIFF_UNIT_V),0,-986.1051025390625,1114.8145751953125,-3.89712865972259e-06,62.51070617012439,62.51070617012451,4.412824108140668e-06,0.002,0.0009995057631546431,499.5002471184227,19624
Subject_01.fif,EMG 8,emg,107 (FIFF_UNIT_V),0,-1807.3472900390625,1360.562744140625,-4.074753835840044e-05,59.007333865847095,59.007333865861156,1.2135266297386836e-05,0.002,0.0011760189222106508,499.4119905388947,19531
Subject_01.fif,Gyroscope 1,misc,-1 (FIFF_UNIT_NONE),0,-0.9006324410438538,-0.33990392088890076,-0.6684730641429195,0.04110910075756126,0.6697359148572809,0.0,0.0,0.9009474343812331,49.52628280938344,3272
Subject_01.fif,Gyroscope 2,misc,-1 (FIFF_UNIT_NONE),0,-0.8472268581390381,-0.15423545241355896,-0.4541710660374019,0.03393706311522301,0.45543724208548947,0.0,0.0,0.9005922016486329,49.703899175683546,2889
Subject_01.fif,Gyroscope 3,misc,-1 (FIFF_UNIT_NONE),0,0.32458412647247314,0.938291072845459,0.5851785990295972,0.059306593724501006,0.588176219190682,0.0,0.0,0.9009386087232804,49.53069563835984,4202
Subject_01.fif,Accelerometer 1,misc,-1 (FIFF_UNIT_NONE),0,-286.90325927734375,262.9755859375,-0.8719327489634185,10.167900550892501,10.20521770133077,0.0015444884378492338,0.02,0.9002126983566625,49.89365082166876,2916
Subject_01.fif,Accelerometer 2,misc,-1 (FIFF_UNIT_NONE),0,-174.55914306640625,118.06661987304688,1.5009889945850814,5.6968570754890475,5.891277323332789,0.001632744920012047,0.04,0.9003594249201278,49.8202875399361,2128
Subject_01.fif,Accelerometer 3,misc,-1 (FIFF_UNIT_NONE),0,-78.7568588256836,120.35562133789062,-0.48211772827454774,4.288279185824144,4.315295572668133,0.0028793677305617854,0.04,0.9004708488517819,49.76457557410905,1736
Subject_01.fif,Angle 1,misc,-1 (FIFF_UNIT_NONE),0,132.92518615722656,175.4839630126953,157.3395550553788,6.289510120391625,157.46521369045,0.0,0.0,0.3444301272659877,327.7849363670062,19967
Subject_01.fif,Angle 2,misc,-1 (FIFF_UNIT_NONE),0,123.12113189697266,179.49391174316406,166.78292000579785,10.324937114508092,167.1022044500877,0.0,0.0,0.34445991386157837,327.77004306921083,19924
Subject_01.fif,Angle 3,misc,-1 (FIFF_UNIT_NONE),0,49.31781005859375,179.9521942138672,153.83829859889113,28.04927402923571,156.3744988460994,0.0,0.0,0.34438379256173546,327.80810371913225,20014
Subject_01.fif,Angle 4,misc,-1 (FIFF_UNIT_NONE),0,85.9601058959961,166.65928649902344,148.04999820933213,11.911297292912758,148.52838440171425,0.0,0.0,0.34451617743102747,327.74191128448626,19987
Subject_01.fif,Angle 5,misc,-1 (FIFF_UNIT_NONE),0,30.46749496459961,179.79563903808594,126.04878587802811,45.13472045110362,133.88591939231046,0.0,0.0,0.34438379256173546,327.80810371913225,20074
Subject_01.fif,Angle 6,misc,-1 (FIFF_UNIT_NONE),0,92.45188903808594,179.9405517578125,161.34911174234674,15.001800294489925,162.04502421277877,0.0,0.0,0.3445614089280356,327.7192955359822,20025
Subject_01.fif,Angle 7,misc,-1 (FIFF_UNIT_NONE),0,61.8840217590332,174.2960205078125,146.28867703389125,25.602587105128777,148.51218635116058,0.0,0.0,0.3445194870527598,327.7402564736201,20026
Subject_01.fif,Angle 8,misc,-1 (FIFF_UNIT_NONE),0,26.050811767578125,178.47683715820312,118.4197927556267,46.02975088432547,127.05111287493172,0.0,0.0,0.3443826893544914,327.8086553227543,20078
Subject_01.fif,Angle 9,misc,-1 (FIFF_UNIT_NONE),0,25.671476364135742,179.42718505859375,156.57904131941666,18.63946446985428,157.68457697641375,0.0,0.0,0.34454375761212996,327.728121193935,20031
Subject_01.fif,Angle 10,misc,-1 (FIFF_UNIT_NONE),0,43.19951629638672,167.069580078125,123.0313097911036,31.414065183009388,126.97852842207955,0.0,0.0,0.34441137274283795,327.794313628581,20069
Subject_01.fif,Angle 11,misc,-1 (FIFF_UNIT_NONE),0,23.909942626953125,175.85818481445312,105.22972196854833,44.306847734697214,114.1770166967224,0.0,0.0,0.3443683476603181,327.815826169841,20078
Subject_01.fif,Angle 12,misc,-1 (FIFF_UNIT_NONE),0,93.50567626953125,178.81814575195312,154.473975228075,17.97417330352851,155.5161725632071,0.0,0.0,0.3446121564612642,327.69392176936793,20046
Subject_01.fif,Angle 13,misc,-1 (FIFF_UNIT_NONE),0,31.996435165405273,144.8252716064453,90.33107788479667,29.723011312941583,95.09553634812968,0.0,0.0,0.3443440771009479,327.8279614495261,20084
Subject_01.fif,Angle 14,misc,-1 (FIFF_UNIT_NONE),0,36.10474395751953,178.17782592773438,117.81301575550899,40.26138364225546,124.50255296256653,0.0,0.0,0.3443970310486647,327.8014844756677,20077
Subject_01.fif,Angle 15,misc,-1 (FIFF_UNIT_NONE),0,93.47792053222656,179.74517822265625,152.95257215772298,19.189450997898472,154.1516278190542,0.0,0.0,0.3445558928918151,327.72205355409244,20029
Subject_02.fif,EMG 1,emg,107 (FIFF_UNIT_V),0,-805.8006591796875,760.7454833984375,4.316441364587543e-05,49.48899377158574,49.488993771604555,1.1056174209925791e-05,0.002,0.0006147239657213996,499.6926380171393,18798
Subject_02.fif,EMG 2,emg,107 (FIFF_UNIT_V),0,-955.7958984375,912.4118041992188,4.163117780364802e-05,54.42648379020808,54.426483790224005,8.844939367940633e-06,0.002,0.0006246745335118539,499.68766273324405,18843
Subject_02.fif,EMG 3,emg,107 (FIFF_UNIT_V),0,-2286.826416015625,1951.6075439453125,6.156493192459685e-05,63.19701423523762,63.197014235267595,4.422469683970317e-06,0.002,0.0005218519996771593,499.7390740001614,18983
Subject_02.fif,EMG 4,emg,107 (FIFF_UNIT_V),0,-1775.5076904296875,1090.157470703125,7.89589740705326e-05,76.97422325617418,76.97422325621469,2.2112348419851584e-06,0.002,0.0003615372963865066,499.81923135180676,19286
Subject_02.fif,EMG 5,emg,107 (FIFF_UNIT_V),0,-1690.654052734375,1440.40087890625,8.209553114269456e-05,76.79260231575734,76.7926023158012,6.633704525955474e-06,0.002,0.00036927662689019327,499.8153616865549,19281
Subject_02.fif,EMG 6,emg,107 (FIFF_UNIT_V),0,-944.4921264648438,908.0263671875,1.4141888750533619e-05,105.58421716459651,105.58421716459746,3.316852262977737e-06,0.002,0.00019237764394878333,499.9038111780256,19567
Subject_02.fif,EMG 7,emg,107 (FIFF_UNIT_V),0,-903.780029296875,918.6300048828125,7.41335136076973e-06,69.96280614836824,69.96280614836863,1.4373026472903528e-05,0.002,0.00048647220308887737,499.7567638984556,19055
Subject_02.fif,EMG 8,emg,107 (FIFF_UNIT_V),0,-614.4547729492188,581.6115112304688,-8.135992174779353e-06,45.363669165588824,45.363669165589556,8.844939367940633e-06,0.002,0.0006467869063795301,499.6766065468102,18682
Subject_02.fif,Gyroscope 1,misc,-1 (FIFF_UNIT_NONE),0,-1.2429777383804321,-0.5817245841026306,-0.7495022681528767,0.03513027930184015,0.7503251205245176,0.0,0.0,0.9008425919681228,49.5787040159386,2974
Subject_02.fif,Gyroscope 2,misc,-1 (FIFF_UNIT_NONE),0,-0.5296617150306702,0.033447179943323135,-0.27009525715084626,0.05684735623009559,0.27601280739439094,0.0,0.0,0.9005871940615011,49.70640296924943,3827
Subject_02.fif,Gyroscope 3,misc,-1 (FIFF_UNIT_NONE),0,0.21588079631328583,0.8250101208686829,0.594531212302279,0.05682459809304666,0.5972406527942099,0.0,0.0,0.9009575763070348,49.52121184648264,4078
Subject_02.fif,Accelerometer 1,misc,-1 (FIFF_UNIT_NONE),0,-127.84828186035156,215.440673828125,-0.8783786526918944,9.170872958105868,9.212842116916056,0.0010503365499429501,0.02,0.9001969106803867,49.901544659806675,3015
Subject_02.fif,Accelerometer 2,misc,-1 (FIFF_UNIT_NONE),0,-70.37911987304688,99.6630630493164,1.517889696339693,6.400270679254924,6.577800080420846,0.0012825162083513917,0.02,0.9003583310023207,49.82083449883965,2415
Subject_02.fif,Accelerometer 3,misc,-1 (FIFF_UNIT_NONE),0,-71.73725891113281,94.76460266113281,-0.4420438191882888,5.131918378425245,5.1509211778963735,0.0021006730998859003,0.04,0.9004246681209237,49.78766593953814,2036
Subject_02.fif,Angle 1,misc,-1 (FIFF_UNIT_NONE),0,131.29209899902344,178.26248168945312,156.22337110906398,6.693913913302776,156.36671693221368,0.0,0.0,0.21795613126346783,391.0219343682661,19987
Subject_02.fif,Angle 2,misc,-1 (FIFF_UNIT_NONE),0,105.3082504272461,179.6838836669922,169.8806997481192,7.497562313151742,170.0460690152825,0.0,0.0,0.21786547053471034,391.06726473264484,19916
Subject_02.fif,Angle 3,misc,-1 (FIFF_UNIT_NONE),0,66.08955383300781,179.97918701171875,163.01731724202133,16.383636275615334,163.83854631434411,0.0,0.0,0.21785109749234635,391.0744512538268,20001
Subject_02.fif,Angle 4,misc,-1 (FIFF_UNIT_NONE),0,54.475948333740234,168.82244873046875,147.16201824715043,13.527161786720892,147.78242020138512,0.0,0.0,0.21796939868718843,391.01530065640577,19960
Subject_02.fif,Angle 5,misc,-1 (FIFF_UNIT_NONE),0,21.396034240722656,179.94984436035156,135.198964185876,48.03217444392377,143.47769756566805,0.0,0.0,0.21785220311098974,391.0738984445051,20000
Subject_02.fif,Angle 6,misc,-1 (FIFF_UNIT_NONE),0,62.96805191040039,179.9535369873047,163.48436844219955,16.774465955680938,164.34269510094796,0.0,0.0,0.21799261667869949,391.00369166065025,19923
Subject_02.fif,Angle 7,misc,-1 (FIFF_UNIT_NONE),0,28.207792282104492,176.15025329589844,152.07666090188718,28.52318400565941,154.72841631997753,0.0,0.0,0.21785662558556326,391.07168720721836,19957
Subject_02.fif,Angle 8,misc,-1 (FIFF_UNIT_NONE),0,18.912202835083008,179.89498901367188,129.9920988072405,50.96975839967086,139.62758331945804,0.0,0.0,0.2178411469245559,391.07942653772204,20029
Subject_02.fif,Angle 9,misc,-1 (FIFF_UNIT_NONE),0,58.77424621582031,179.9822998046875,162.16726125961142,18.983535864625008,163.27460077540098,0.0,0.0,0.21797271554311856,391.0136422284407,19950
Subject_02.fif,Angle 10,misc,-1 (FIFF_UNIT_NONE),0,25.632673263549805,177.99203491210938,139.88297840061773,35.705846843022776,144.36812371505383,0.0,0.0,0.21796829306854504,391.0158534657275,20015
Subject_02.fif,Angle 11,misc,-1 (FIFF_UNIT_NONE),0,15.271754264831543,179.9590606689453,124.1067229514615,51.58301145285276,134.3997237805791,0.0,0.0,0.21784888625505958,391.0755568724702,20040
Subject_02.fif,Angle 12,misc,-1 (FIFF_UNIT_NONE),0,34.202606201171875,179.80056762695312,160.7837818359989,19.49551014413699,161.96141335906597,0.0,0.0,0.21806448189051944,390.96775905474027,19980
Subject_02.fif,Angle 13,misc,-1 (FIFF_UNIT_NONE),0,30.239805221557617,159.89442443847656,113.78475538612119,31.05920180950035,117.94763488651525,0.0,0.0,0.21781792893304483,391.09103553347757,20047
Subject_02.fif,Angle 14,misc,-1 (FIFF_UNIT_NONE),0,17.337203979492188,179.8505401611328,131.5848036854124,46.20765148841776,139.46220856204593,0.0,0.0,0.2178687873906405,391.06560630467976,20043
Subject_02.fif,Angle 15,misc,-1 (FIFF_UNIT_NONE),0,33.12137985229492,179.95494079589844,159.11533088059204,20.36337750276479,160.41307822169733,0.0,0.0,0.2179439694583906,391.0280152708047,19984
Subject_03.fif,EMG 1,emg,107 (FIFF_UNIT_V),0,-629.9154052734375,503.13238525390625,-6.174937263044768e-05,46.255163691482934,46.255163691524146,9.85770944072833e-06,0.002,0.000769997480804828,499.6150012595976,19770
Subject_03.fif,EMG 2,emg,107 (FIFF_UNIT_V),0,-786.4716796875,654.0320434570312,-7.464289894887205e-05,49.18143715765869,49.181437157715344,6.571806293818888e-06,0.002,0.0007031840436368416,499.6484079781816,19732
Subject_03.fif,EMG 3,emg,107 (FIFF_UNIT_V),0,-2256.41748046875,1425.856689453125,-6.709962115164699e-05,57.61268132670311,57.612681326742184,7.667107342788702e-06,0.002,0.0007020887413881861,499.6489556293059,19706
Subject_03.fif,EMG 4,emg,107 (FIFF_UNIT_V),0,-2079.43994140625,1129.8927001953125,-7.28894077312894e-05,79.54947245470464,79.54947245473804,3.285903146909444e-06,0.002,0.00029682690938564495,499.85158654530716,20005
Subject_03.fif,EMG 5,emg,107 (FIFF_UNIT_V),0,-1413.801025390625,1107.07421875,-1.2246652764562505e-05,109.21295798895112,109.2129579889518,1.0953010489698145e-06,0.002,0.00020372621824992607,499.89813689087504,20093
Subject_03.fif,EMG 6,emg,107 (FIFF_UNIT_V),0,-961.8569946289062,875.9564819335938,-1.214965503248991e-05,140.7843957508424,140.78439575084295,1.0953010489698145e-06,0.002,0.00016977184854160505,499.9151140757292,20160
Subject_03.fif,EMG 7,emg,107 (FIFF_UNIT_V),0,-728.280029296875,681.1326904296875,2.8817785337046417e-05,42.25371066271064,42.253710662720465,1.423891363660759e-05,0.002,0.0010022015575197976,499.4988992212401,19513
Subject_03.fif,EMG 8,emg,107 (FIFF_UNIT_V),0,-376.6689147949219,492.0801696777344,-3.627757366177824e-05,30.79825836003165,30.79825836005302,9.85770944072833e-06,0.002,0.0008707652876811357,499.56461735615943,19644
Subject_03.fif,Gyroscope 1,misc,-1 (FIFF_UNIT_NONE),0,-1.9694774150848389,-0.10150120407342911,-0.5758046512684271,0.07090723734212559,0.5801541456628984,0.0,0.0,0.9005158873591167,49.74205632044163,4926
Subject_03.fif,Gyroscope 2,misc,-1 (FIFF_UNIT_NONE),0,-1.0576144456863403,-0.02947990410029888,-0.36433711943459657,0.0720209802276068,0.3713873425291239,0.0,0.0,0.9003231141633534,49.83844291832331,5045
Subject_03.fif,Gyroscope 3,misc,-1 (FIFF_UNIT_NONE),0,0.07458476722240448,1.0817843675613403,0.7215962699644292,0.07191452225564515,0.7251709283595386,0.0,0.0,0.9006243222817336,49.68783885913318,4872
Subject_03.fif,Accelerometer 1,misc,-1 (FIFF_UNIT_NONE),0,-273.04718017578125,500.0244140625,-0.7824062654189632,16.867223044450526,16.885359717678796,0.0006352746084024925,0.02,0.9001248644563468,49.937567771826636,4575
Subject_03.fif,Accelerometer 2,misc,-1 (FIFF_UNIT_NONE),0,-243.6564178466797,199.23455810546875,1.4154346933851816,11.031260514389425,11.121697887803176,0.0010405359965213238,0.04,0.9002442524014502,49.87787379927491,3341
Subject_03.fif,Accelerometer 3,misc,-1 (FIFF_UNIT_NONE),0,-236.3621368408203,164.83851623535156,-0.44160811073222533,9.418890837834821,9.42923763294325,0.0014567503951298535,0.02,0.9002771114689099,49.861444265545074,3114
Subject_03.fif,Angle 1,misc,-1 (FIFF_UNIT_NONE),0,127.1701431274414,179.51885986328125,157.20667475985096,6.846016991622355,157.35566890868324,0.0,0.0,0.10865398306662724,445.6730084666864,20108
Subject_03.fif,Angle 2,misc,-1 (FIFF_UNIT_NONE),0,81.4914779663086,179.80418395996094,157.61932182783107,15.498682293191479,158.37948025641035,0.0,0.0,0.10883580323990405,445.58209838004797,20175
Subject_03.fif,Angle 3,misc,-1 (FIFF_UNIT_NONE),0,67.80854034423828,179.95538330078125,154.7607661792492,19.7357535796598,156.01408499794272,0.0,0.0,0.10869450924982749,445.6527453750862,20179
Subject_03.fif,Angle 4,misc,-1 (FIFF_UNIT_NONE),0,32.22191619873047,170.260009765625,142.8648583876909,25.349583520576214,145.09641328027942,0.0,0.0,0.10874489315326565,445.62755342336715,20157
Subject_03.fif,Angle 5,misc,-1 (FIFF_UNIT_NONE),0,23.294584274291992,179.97854614257812,140.2631527533818,45.44955355278544,147.44291755952887,0.0,0.0,0.10888509184109355,445.55745407945324,20138
Subject_03.fif,Angle 6,misc,-1 (FIFF_UNIT_NONE),0,56.96866989135742,179.9593505859375,165.2037378771426,17.294589257339418,166.10652553755895,0.0,0.0,0.10913810666053297,445.4309466697335,20067
Subject_03.fif,Angle 7,misc,-1 (FIFF_UNIT_NONE),0,17.131229400634766,179.53736877441406,145.5645078508501,33.348324265661674,149.33565105890798,0.0,0.0,0.10876460859374144,445.6176957031293,20180
Subject_03.fif,Angle 8,misc,-1 (FIFF_UNIT_NONE),0,5.8707146644592285,179.9556121826172,122.34385465504035,50.928030361785595,132.52050048345197,0.0,0.0,0.10871531999255195,445.64234000372403,20185
Subject_03.fif,Angle 9,misc,-1 (FIFF_UNIT_NONE),0,0.904720664024353,179.9332733154297,160.72843898374512,22.431495872036347,162.2861765684578,0.0,0.0,0.10886647170286641,445.5667641485668,20149
Subject_03.fif,Angle 10,misc,-1 (FIFF_UNIT_NONE),0,25.214859008789062,171.0762481689453,134.7537218640589,31.204037967077983,138.31940406778432,0.0,0.0,0.10888180593434758,445.55909703282623,20175
Subject_03.fif,Angle 11,misc,-1 (FIFF_UNIT_NONE),0,5.120604991912842,179.81948852539062,110.67944727196691,52.46455624664752,122.48456927542237,0.0,0.0,0.10877665691847666,445.6116715407617,20210
Subject_03.fif,Angle 12,misc,-1 (FIFF_UNIT_NONE),0,23.991342544555664,179.8280029296875,158.68337698878844,20.02585779810514,159.94201797250113,0.0,0.0,0.10893766634902902,445.5311668254855,20161
Subject_03.fif,Angle 13,misc,-1 (FIFF_UNIT_NONE),0,16.297386169433594,167.957275390625,113.49019562733612,30.93833546886153,117.63165009943046,0.0,0.0,0.10872298710829253,445.63850644585375,20222
Subject_03.fif,Angle 14,misc,-1 (FIFF_UNIT_NONE),0,5.642673492431641,179.40611267089844,124.49328778074924,47.8285856627347,133.3647341277221,0.0,0.0,0.10875146496675758,445.6242675166212,20209
Subject_03.fif,Angle 15,misc,-1 (FIFF_UNIT_NONE),0,17.892610549926758,179.8802947998047,158.51122782606004,20.320102513974707,159.80837247498502,0.0,0.0,0.10872517771278985,445.63741114360505,20125
Subject_04.fif,EMG 1,emg,107 (FIFF_UNIT_V),0,-733.895751953125,788.3355712890625,-9.13258993308918e-06,54.054450907156586,54.05445090715735,7.638210694586146e-06,0.002,0.000760548380479331,499.6197258097604,19804
Subject_04.fif,EMG 2,emg,107 (FIFF_UNIT_V),0,-922.06982421875,857.3148803710938,-4.594675458093711e-05,63.7698332629448,63.76983326296135,5.455864781847247e-06,0.002,0.0006088751740422764,499.69556241297886,19889
Subject_04.fif,EMG 3,emg,107 (FIFF_UNIT_V),0,-4107.4736328125,2298.539306640625,-3.316477248318626e-05,80.47249120563063,80.47249120563747,8.729383650955594e-06,0.004,0.0005564988149848763,499.7217505925076,19936
Subject_04.fif,EMG 4,emg,107 (FIFF_UNIT_V),0,-1783.47998046875,1166.5546875,-4.7059873761424506e-05,72.69550260327998,72.69550260329521,5.455864781847247e-06,0.002,0.0003960962153715884,499.8019518923142,19911
Subject_04.fif,EMG 5,emg,107 (FIFF_UNIT_V),0,-1259.66650390625,1021.087890625,-5.759188556609669e-05,80.43743693165838,80.437436931679,3.273518869108348e-06,0.002,0.0003502669011963633,499.82486654940186,20001
Subject_04.fif,EMG 6,emg,107 (FIFF_UNIT_V),0,-1743.341064453125,1007.44677734375,-1.6687681539859052e-05,107.44329114370811,107.4432911437094,4.364691825477797e-06,0.002,0.0003240787216676633,499.83796063916617,20121
Subject_04.fif,EMG 7,emg,107 (FIFF_UNIT_V),0,-2456.235107421875,2404.169677734375,-4.68635975728697e-05,112.13831416910476,112.13831416911455,5.455864781847247e-06,0.002,0.0006819838418932307,499.6590080790534,19928
Subject_04.fif,EMG 8,emg,107 (FIFF_UNIT_V),0,-4293.31787109375,1334.921875,-3.973745310809354e-06,86.37909355656977,86.37909355656986,7.638210694586146e-06,0.002,0.0008543893571238395,499.5728053214381,19576
Subject_04.fif,Gyroscope 1,misc,-1 (FIFF_UNIT_NONE),0,-1.0202610492706299,0.13067594170570374,-0.6961233800634533,0.06729084145230502,0.6993681559910534,0.0,0.0,0.9006202233851713,49.689888307414314,4492
Subject_04.fif,Gyroscope 2,misc,-1 (FIFF_UNIT_NONE),0,-0.725523054599762,-0.002136225113645196,-0.3586852207482753,0.06792199705213663,0.36505956399851985,0.0,0.0,0.9004052620782066,49.797368960896684,4620
Subject_04.fif,Gyroscope 3,misc,-1 (FIFF_UNIT_NONE),0,0.3021232485771179,1.1068696975708008,0.6116728518194924,0.06645552184919509,0.6152723088496992,0.0,0.0,0.9006846026598461,49.657698670076954,4599
Subject_04.fif,Accelerometer 1,misc,-1 (FIFF_UNIT_NONE),0,-300.65252685546875,262.6398620605469,-0.9312087462410126,12.263991266132855,12.299293943347264,0.0011020846859331438,0.02,0.9001422891087726,49.9288554456137,3549
Subject_04.fif,Accelerometer 2,misc,-1 (FIFF_UNIT_NONE),0,-423.73968505859375,176.0240936279297,1.6596477921542503,10.092817824847247,10.228362647049467,0.0013639661954618118,0.02,0.9002612270907988,49.86938645460061,3011
Subject_04.fif,Accelerometer 3,misc,-1 (FIFF_UNIT_NONE),0,-178.48095703125,96.9010009765625,-0.45245871201732923,6.913116360188931,6.927907093458472,0.002193257642302593,0.04,0.9003627062864725,49.818646856763756,2463
Subject_04.fif,Angle 1,misc,-1 (FIFF_UNIT_NONE),0,134.05404663085938,176.7556610107422,160.40728272192666,5.210506705912547,160.49188680542224,0.0,0.0,0.10517282016140649,447.4135899192968,20184
Subject_04.fif,Angle 2,misc,-1 (FIFF_UNIT_NONE),0,107.37555694580078,179.17764282226562,166.4900529769948,9.289839998089475,166.7490295848004,0.0,0.0,0.10533867863175492,447.33066068412256,20226
Subject_04.fif,Angle 3,misc,-1 (FIFF_UNIT_NONE),0,68.69300079345703,179.97781372070312,153.07055374441128,18.512652526492,154.18596799705003,0.0,0.0,0.10515972607164213,447.42013696417894,20306
Subject_04.fif,Angle 4,misc,-1 (FIFF_UNIT_NONE),0,48.859130859375,164.2258758544922,143.08091804420687,17.934540819794684,144.2005439060128,0.0,0.0,0.1052110112565525,447.3944943717238,20263
Subject_04.fif,Angle 5,misc,-1 (FIFF_UNIT_NONE),0,28.988527297973633,179.97105407714844,134.64244796128307,46.1880257911527,142.34438000669715,0.0,0.0,0.10541615199619399,447.29192400190306,20292
Subject_04.fif,Angle 6,misc,-1 (FIFF_UNIT_NONE),0,56.77140808105469,179.83953857421875,164.11178196380172,14.408807160237144,164.74310517625705,0.0,0.0,0.10548598714160386,447.2570064291981,20245
Subject_04.fif,Angle 7,misc,-1 (FIFF_UNIT_NONE),0,27.047548294067383,176.02662658691406,146.73917967493384,29.11700582618079,149.6000898393927,0.0,0.0,0.10531249045222621,447.34375477388693,20272
Subject_04.fif,Angle 8,misc,-1 (FIFF_UNIT_NONE),0,27.04203224182129,179.92498779296875,132.2305707186276,48.313732158427,140.78046934021137,0.0,0.0,0.10532667571613759,447.33666214193124,20270
Subject_04.fif,Angle 9,misc,-1 (FIFF_UNIT_NONE),0,64.12762451171875,179.78761291503906,162.38203288070716,16.581473803100707,163.22643742958425,0.0,0.0,0.10550126357966226,447.2493682101689,20234
Subject_04.fif,Angle 10,misc,-1 (FIFF_UNIT_NONE),0,28.772567749023438,177.81158447265625,126.6643651931072,38.336492798238176,132.3387626126306,0.0,0.0,0.10519355247020003,447.4032237649,20319
Subject_04.fif,Angle 11,misc,-1 (FIFF_UNIT_NONE),0,13.334391593933105,179.9296112060547,109.66077991659047,46.562079854979906,119.13653483435053,0.0,0.0,0.10522083182387576,447.3895840880621,20332
Subject_04.fif,Angle 12,misc,-1 (FIFF_UNIT_NONE),0,17.413787841796875,179.39279174804688,159.65559669917621,14.254840914874903,160.29070480498362,0.0,0.0,0.10555036641627857,447.22481679186075,20259
Subject_04.fif,Angle 13,misc,-1 (FIFF_UNIT_NONE),0,29.85537338256836,158.15977478027344,96.83176444575591,36.41264364662265,103.45178211618341,0.0,0.0,0.10517827603214162,447.4108619839292,20342
Subject_04.fif,Angle 14,misc,-1 (FIFF_UNIT_NONE),0,23.634458541870117,178.79530334472656,124.33256437546193,37.64746282458789,129.90734398526942,0.0,0.0,0.10527648170537425,447.3617591473129,20328
Subject_04.fif,Angle 15,misc,-1 (FIFF_UNIT_NONE),0,36.67193603515625,179.87100219726562,158.58993984541863,14.814491518948437,159.28037600137216,0.0,0.0,0.10544015782742863,447.2799210862857,20268
Subject_05.fif,EMG 1,emg,107 (FIFF_UNIT_V),0,-716.2739868164062,616.3031005859375,-2.5877993665638744e-05,47.5542636556302,47.554263655637236,7.727744922595595e-06,0.002,0.0008412211616800578,499.57938941915995,19448
Subject_05.fif,EMG 2,emg,107 (FIFF_UNIT_V),0,-835.5037231445312,675.9450073242188,-4.572624126260778e-05,52.273829872239006,52.27382987225901,6.623781362224796e-06,0.002,0.0008732361402741807,499.5633819298629,19483
Subject_05.fif,EMG 3,emg,107 (FIFF_UNIT_V),0,-1991.459716796875,1400.0863037109375,-4.179542146722077e-05,63.075951117870915,63.07595111788477,1.4351526284820391e-05,0.002,0.0006988097051751661,499.6505951474124,19533
Subject_05.fif,EMG 4,emg,107 (FIFF_UNIT_V),0,-1089.4853515625,847.4779052734375,-3.135301752445308e-05,74.65655757031672,74.6565575703233,4.4158542414831974e-06,0.002,0.00037093216578018296,499.8145339171099,19773
Subject_05.fif,EMG 5,emg,107 (FIFF_UNIT_V),0,-756.3579711914062,750.8119506835938,-2.3156480317421914e-05,73.8175081974889,73.81750819749253,7.727744922595595e-06,0.002,0.00033781322240695235,499.8310933887965,19769
Subject_05.fif,EMG 6,emg,107 (FIFF_UNIT_V),0,-700.5127563476562,860.9202880859375,-5.298150079337272e-06,116.27215596968448,116.2721559696846,1.1039635603707994e-06,0.002,0.00019098590678562992,499.9045070466072,19926
Subject_05.fif,EMG 7,emg,107 (FIFF_UNIT_V),0,-753.5756225585938,861.726318359375,3.1973821105084084e-06,60.84768058795647,60.84768058795655,7.727744922595595e-06,0.002,0.0009703850408356572,499.51480747958215,19483
Subject_05.fif,EMG 8,emg,107 (FIFF_UNIT_V),0,-555.9007568359375,543.3114013671875,-9.168330159777341e-06,44.141032476826,44.14103247682696,4.4158542414831974e-06,0.002,0.0008081022183068271,499.59594889084656,19422
Subject_05.fif,Gyroscope 1,misc,-1 (FIFF_UNIT_NONE),0,-1.2311980724334717,-0.21411077678203583,-0.6886269506864365,0.06158750053396832,0.6913755111614247,0.0,0.0,0.9005570606275377,49.72146968623113,4391
Subject_05.fif,Gyroscope 2,misc,-1 (FIFF_UNIT_NONE),0,-0.7543315887451172,-0.13653530180454254,-0.45665322288091376,0.06289141699059742,0.46096366049680176,0.0,0.0,0.9004565998326389,49.77170008368053,4577
Subject_05.fif,Gyroscope 3,misc,-1 (FIFF_UNIT_NONE),0,0.22643984854221344,0.9812597036361694,0.5516379903518867,0.08309080664485387,0.5578606945720058,0.0,0.0,0.900642065915529,49.678967042235485,5466
Subject_05.fif,Accelerometer 1,misc,-1 (FIFF_UNIT_NONE),0,-268.9727478027344,250.7523193359375,-0.8398065917269734,13.317044199000646,13.343498091192012,0.0011702013739930473,0.02,0.9001894403560948,49.90527982195256,3816
Subject_05.fif,Accelerometer 2,misc,-1 (FIFF_UNIT_NONE),0,-89.37782287597656,182.982666015625,1.451748515031586,10.162229261951978,10.265401956249422,0.001435152628482039,0.04,0.9002380148063757,49.88099259681219,3308
Subject_05.fif,Accelerometer 3,misc,-1 (FIFF_UNIT_NONE),0,-95.26818084716797,117.25784301757812,-0.47043181374678994,9.570904719354218,9.582459143578015,0.0017994606034044027,0.04,0.9002943170101101,49.85284149494495,3144
Subject_05.fif,Angle 1,misc,-1 (FIFF_UNIT_NONE),0,138.33123779296875,177.63023376464844,161.83735096616925,5.834424999628041,161.94248572509727,0.0,0.0,0.08692949860127662,456.53525069936165,19946
Subject_05.fif,Angle 2,misc,-1 (FIFF_UNIT_NONE),0,113.0790786743164,179.72406005859375,165.04878421953907,8.720155270990773,165.27898317783226,0.0,0.0,0.08707411798733973,456.46294100633014,19999
Subject_05.fif,Angle 3,misc,-1 (FIFF_UNIT_NONE),0,77.83519744873047,179.94813537597656,160.75832545081633,17.728533029130453,161.7329282648266,0.0,0.0,0.08693612238995127,456.53193880502437,20033
Subject_05.fif,Angle 4,misc,-1 (FIFF_UNIT_NONE),0,67.35009002685547,163.55715942382812,139.50369034777103,17.551049009605425,140.60341013639874,0.0,0.0,0.08707742988167705,456.46128505916147,20023
Subject_05.fif,Angle 5,misc,-1 (FIFF_UNIT_NONE),0,31.099634170532227,179.92648315429688,129.43645955188376,43.06595749264512,136.41287972946233,0.0,0.0,0.08706639023388597,456.466804883057,20052
Subject_05.fif,Angle 6,misc,-1 (FIFF_UNIT_NONE),0,68.56928253173828,179.9569854736328,157.1040860249945,18.40031590353843,158.17795507307233,0.0,0.0,0.08709509331814277,456.4524533409286,20044
Subject_05.fif,Angle 7,misc,-1 (FIFF_UNIT_NONE),0,39.41520690917969,174.21987915039062,132.7499642917372,36.391003049217765,137.64758669292272,0.0,0.0,0.08712490036717868,456.43754981641064,20082
Subject_05.fif,Angle 8,misc,-1 (FIFF_UNIT_NONE),0,29.90191650390625,179.78770446777344,121.3276660609264,40.09871313186187,127.78227320963978,0.0,0.0,0.08698469684023201,456.507651579884,20099
Subject_05.fif,Angle 9,misc,-1 (FIFF_UNIT_NONE),0,5.782661437988281,179.8974151611328,146.6611140539621,26.907551034144767,149.10901608623266,0.0,0.0,0.08714587569798173,456.4270621510091,20079
Subject_05.fif,Angle 10,misc,-1 (FIFF_UNIT_NONE),0,27.141979217529297,176.32452392578125,114.11219666094242,45.72606732028557,122.93277292636364,0.0,0.0,0.0870409990439665,456.47950047801675,20095
Subject_05.fif,Angle 11,misc,-1 (FIFF_UNIT_NONE),0,22.773876190185547,179.5987548828125,118.57013388958505,37.621337176814436,124.39550498939134,0.0,0.0,0.08698911269934843,456.5054436503258,20105
Subject_05.fif,Angle 12,misc,-1 (FIFF_UNIT_NONE),0,43.11591720581055,178.8229522705078,141.91127865443983,29.682490090530077,144.98227901130707,0.0,0.0,0.08702002371316346,456.48998814341826,20081
Subject_05.fif,Angle 13,misc,-1 (FIFF_UNIT_NONE),0,35.070518493652344,161.72608947753906,91.25960780985388,35.33564560632786,97.86175896653575,0.0,0.0,0.08699132062890666,456.50433968554665,20115
Subject_05.fif,Angle 14,misc,-1 (FIFF_UNIT_NONE),0,37.00450134277344,179.21180725097656,129.53936988575086,31.92926447498533,133.416364364762,0.0,0.0,0.08702885543139632,456.48557228430184,20101
Subject_05.fif,Angle 15,misc,-1 (FIFF_UNIT_NONE),0,11.96500301361084,179.65597534179688,139.1802343147598,31.545659412169623,142.7104279709792,0.0,0.0,0.08701671181882613,456.49164409058693,20083
Subject_06.fif,EMG 1,emg,107 (FIFF_UNIT_V),0,-605.4530029296875,846.6416625976562,-1.6931854064111006e-06,43.50367046218401,43.50367046218405,1.1042610119668766e-05,0.002,0.003930069281412396,498.0349653592938,19181
Subject_06.fif,EMG 2,emg,107 (FIFF_UNIT_V),0,-887.2835693359375,953.5319213867188,-8.742289478271864e-06,54.53905248508905,54.53905248508975,6.625566071801259e-06,0.002,0.003766638471171026,498.11668076441447,19352
Subject_06.fif,EMG 3,emg,107 (FIFF_UNIT_V),0,-1064.0269775390625,1017.532958984375,-1.58030553529867e-05,61.815293190642485,61.8152931906445,7.729827083768135e-06,0.002,0.0037268850308420443,498.136557484579,19495
Subject_06.fif,EMG 4,emg,107 (FIFF_UNIT_V),0,-1301.87841796875,1022.3314208984375,-2.2541417823879234e-05,66.22332077479588,66.22332077479972,1.2146871131635643e-05,0.002,0.0036716719192740137,498.164164040363,19485
Subject_06.fif,EMG 5,emg,107 (FIFF_UNIT_V),0,-1163.8597412109375,1168.0435791015625,-2.3100109940023904e-05,64.91935527003119,64.9193552700353,7.729827083768135e-06,0.002,0.0037180509329911592,498.14097453350445,19444
Subject_06.fif,EMG 6,emg,107 (FIFF_UNIT_V),0,-764.1403198242188,1335.728515625,-1.53254393401919e-05,58.04025041503061,58.04025041503263,7.729827083768135e-06,0.002,0.003707008310677553,498.1464958446612,19446
Subject_06.fif,EMG 7,emg,107 (FIFF_UNIT_V),0,-425.3107604980469,543.0487670898438,9.113017334780727e-06,37.66326739248881,37.66326739248992,1.4355393155569396e-05,0.002,0.0039422161659573626,498.0288919170213,19164
Subject_06.fif,EMG 8,emg,107 (FIFF_UNIT_V),0,-554.5999145507812,682.7200927734375,7.895862345771557e-06,32.59393418130677,32.59393418130772,1.3251132143602519e-05,0.002,0.004115585336280978,497.9422073318595,19020
Subject_06.fif,Gyroscope 1,misc,-1 (FIFF_UNIT_NONE),0,-1.1683930158615112,-0.366393119096756,-0.6618375492573688,0.048964190419078304,0.663646316610283,0.0,0.0,0.9010846063636424,49.45769681817881,3042
Subject_06.fif,Gyroscope 2,misc,-1 (FIFF_UNIT_NONE),0,-0.8968482613563538,-0.24700865149497986,-0.5163860003259847,0.03357440177733157,0.5174763200257317,0.0,0.0,0.900862649655139,49.568675172430545,2757
Subject_06.fif,Gyroscope 3,misc,-1 (FIFF_UNIT_NONE),0,0.15844686329364777,0.7608622908592224,0.5394325816906756,0.06176729573383324,0.542957373107446,0.0,0.0,0.9011652175065317,49.41739124673415,3193
Subject_06.fif,Accelerometer 1,misc,-1 (FIFF_UNIT_NONE),0,-162.36639404296875,199.0972137451172,-0.8515881385489873,8.428026671379541,8.470940675698433,0.001512837586394621,0.02,0.9005070772166408,49.7464613916796,2709
Subject_06.fif,Accelerometer 2,misc,-1 (FIFF_UNIT_NONE),0,-86.4478988647461,154.58380126953125,1.4670638675951715,6.156961035136863,6.329332159066776,0.0017226471786683274,0.02,0.9006616739290313,49.66916303548436,2236
Subject_06.fif,Accelerometer 3,misc,-1 (FIFF_UNIT_NONE),0,-165.67782592773438,160.39785766601562,-0.5089623527641562,5.9390228457700935,5.960791477573286,0.002131223753096072,0.04,0.9006163991775454,49.691800411227256,2109
Subject_06.fif,Angle 1,misc,-1 (FIFF_UNIT_NONE),0,128.79139709472656,175.03530883789062,153.5795343280959,5.134721440605138,153.66534654471513,0.0,0.0,0.11825765088086998,440.871174559565,19958
Subject_06.fif,Angle 2,misc,-1 (FIFF_UNIT_NONE),0,122.9064712524414,179.81028747558594,167.84739453169848,7.499004998000644,168.01482948549415,0.0,0.0,0.11813728629765168,440.93135685117414,19964
Subject_06.fif,Angle 3,misc,-1 (FIFF_UNIT_NONE),0,95.50899505615234,179.98313903808594,165.83725312304162,12.788725825985914,166.32963064844463,0.0,0.0,0.11819802072037651,440.90098963981177,19990
Subject_06.fif,Angle 4,misc,-1 (FIFF_UNIT_NONE),0,70.10186767578125,166.44189453125,149.62001243255654,7.901561399877531,149.82851128164629,0.0,0.0,0.11826758924095222,440.8662053795239,19987
Subject_06.fif,Angle 5,misc,-1 (FIFF_UNIT_NONE),0,30.644126892089844,179.9646453857422,130.81922717123396,51.03958923683769,140.42332380037172,0.0,0.0,0.11818035252467474,440.90982373766263,19995
Subject_06.fif,Angle 6,misc,-1 (FIFF_UNIT_NONE),0,77.89739227294922,179.9120635986328,164.19971117761227,15.370758619409397,164.91757144509324,0.0,0.0,0.11827973612549719,440.8601319372514,19961
Subject_06.fif,Angle 7,misc,-1 (FIFF_UNIT_NONE),0,38.2404670715332,176.63775634765625,152.75440878271007,18.651857444701957,153.88892484091497,0.0,0.0,0.11825765088086998,440.871174559565,20019
Subject_06.fif,Angle 8,misc,-1 (FIFF_UNIT_NONE),0,27.078861236572266,179.67808532714844,123.38983038930446,53.09236142404286,134.32739513994352,0.0,0.0,0.11820685481822739,440.8965725908863,20028
Subject_06.fif,Angle 9,misc,-1 (FIFF_UNIT_NONE),0,36.55392837524414,179.89108276367188,162.67702336714643,16.67954777202609,163.52987875453954,0.0,0.0,0.11838132825078237,440.8093358746088,19952
Subject_06.fif,Angle 10,misc,-1 (FIFF_UNIT_NONE),0,31.431900024414062,172.74729919433594,134.37360021934893,28.415519568289955,137.34520810077532,0.0,0.0,0.11815937154227889,440.92031422886055,20071
Subject_06.fif,Angle 11,misc,-1 (FIFF_UNIT_NONE),0,22.097562789916992,179.95578002929688,115.06488073217409,52.774362131129465,126.5901262984481,0.0,0.0,0.11817814400021202,440.910927999894,20069
Subject_06.fif,Angle 12,misc,-1 (FIFF_UNIT_NONE),0,20.77678871154785,178.94918823242188,160.3602537761422,17.12778190147126,161.27235319177646,0.0,0.0,0.11823556563624277,440.8822171818786,20012
Subject_06.fif,Angle 13,misc,-1 (FIFF_UNIT_NONE),0,34.25713348388672,152.06053161621094,103.15368701479962,33.34203774459891,108.40836972166632,0.0,0.0,0.11809642859509133,440.95178570245434,20077
Subject_06.fif,Angle 14,misc,-1 (FIFF_UNIT_NONE),0,34.37301254272461,179.94090270996094,126.95646181571334,46.70264419921138,135.2740927597107,0.0,0.0,0.1181450161332712,440.9274919333644,20050
Subject_06.fif,Angle 15,misc,-1 (FIFF_UNIT_NONE),0,19.15395164489746,179.93447875976562,158.78127755770544,19.811239335888736,160.01243485079826,0.0,0.0,0.1183945793975587,440.80271030122066,19932
Subject_07.fif,EMG 1,emg,107 (FIFF_UNIT_V),0,-529.651123046875,1651.6712646484375,4.659361638046287e-05,46.02440334525376,46.02440334527734,4.420314439067623e-06,0.002,0.0019471506621638348,499.0264246689181,19329
Subject_07.fif,EMG 2,emg,107 (FIFF_UNIT_V),0,-526.2255249023438,1664.68896484375,2.077882327586476e-05,51.70653693256894,51.706536932573115,4.3098065780909324e-05,0.06,0.001814541082447796,499.0927294587761,19432
Subject_07.fif,EMG 3,emg,107 (FIFF_UNIT_V),0,-1081.656005859375,1640.6658935546875,1.3208920674759051e-05,58.55666787071552,58.556667870717014,9.945707487902151e-06,0.002,0.0017592870908994466,499.12035645455023,19479
Subject_07.fif,EMG 4,emg,107 (FIFF_UNIT_V),0,-1091.1915283203125,1618.799072265625,2.2467944731467935e-05,59.11373662607074,59.11373662607501,4.420314439067623e-05,0.06,0.0017515515320826777,499.1242242339586,19517
Subject_07.fif,EMG 5,emg,107 (FIFF_UNIT_V),0,-1077.1458740234375,1675.0084228515625,2.3757089306878512e-05,56.25694725281205,56.25694725281706,8.840628878135246e-06,0.002,0.0017913344059974892,499.10433279700123,19438
Subject_07.fif,EMG 6,emg,107 (FIFF_UNIT_V),0,-476.4791259765625,1636.841552734375,4.727779971390979e-05,62.44803381877082,62.448033818788716,3.3152358293007173e-06,0.002,0.0015603727213253885,499.2198136393373,19612
Subject_07.fif,EMG 7,emg,107 (FIFF_UNIT_V),0,-22320.900390625,29398.67578125,5.4050918367516656e-05,205.03664142662063,205.03664142662774,8.840628878135246e-06,0.002,0.0018863712714606504,499.05681436426966,19512
Subject_07.fif,EMG 8,emg,107 (FIFF_UNIT_V),0,-574.5442504882812,1667.2801513671875,8.381523264020933e-05,43.986091342265375,43.986091342345226,6.630471658601435e-06,0.002,0.002109597397315982,498.94520130134197,19124
Subject_07.fif,Gyroscope 1,misc,-1 (FIFF_UNIT_NONE),0,-0.9083839058876038,-0.44488412141799927,-0.6664767176360725,0.058758926845507285,0.6690619004509141,0.0,0.0,0.9007295737044044,49.63521314779779,4122
Subject_07.fif,Gyroscope 2,misc,-1 (FIFF_UNIT_NONE),0,-0.8801857233047485,-0.16937212646007538,-0.5495393842859959,0.07903775979822597,0.555194112320505,0.0,0.0,0.900543920292802,49.72803985359902,4705
Subject_07.fif,Gyroscope 3,misc,-1 (FIFF_UNIT_NONE),0,0.2924186885356903,0.7048321962356567,0.49649690353785275,0.04957508729648005,0.49896579492298815,0.0,0.0,0.9009859522251887,49.50702388740562,3621
Subject_07.fif,Accelerometer 1,misc,-1 (FIFF_UNIT_NONE),0,-136.10394287109375,168.74508666992188,-0.8288124544006306,9.857952077695488,9.89273214287693,0.0014476529787946465,0.04,0.9002333928603002,49.883303569849886,3206
Subject_07.fif,Accelerometer 2,misc,-1 (FIFF_UNIT_NONE),0,-99.54097747802734,105.52290344238281,1.4541871065220995,8.67659261238165,8.797608737720207,0.0011824341124505892,0.02,0.9003262195661015,49.83689021694927,3005
Subject_07.fif,Accelerometer 3,misc,-1 (FIFF_UNIT_NONE),0,-169.202880859375,172.66690063476562,-0.44884748702442484,8.486876505358257,8.498737369975032,0.0018896844227014088,0.04,0.9003858938769737,49.80705306151316,2891
Subject_07.fif,Angle 1,misc,-1 (FIFF_UNIT_NONE),0,116.4464340209961,179.42233276367188,151.8162520978404,6.799617038336338,151.96844801768248,0.0,0.0,0.1268145410824478,436.5927294587761,19958
Subject_07.fif,Angle 2,misc,-1 (FIFF_UNIT_NONE),0,110.4200210571289,179.9491424560547,166.24694583434672,9.9609067372305,166.54508897675734,0.0,0.0,0.1268311172799123,436.58444136004385,19984
Subject_07.fif,Angle 3,misc,-1 (FIFF_UNIT_NONE),0,95.80278778076172,179.95947265625,161.171540132954,10.274141516469923,161.49867904329386,0.0,0.0,0.12673387025478722,436.6330648726064,19973
Subject_07.fif,Angle 4,misc,-1 (FIFF_UNIT_NONE),0,30.58193588256836,163.0872802734375,146.8759215389551,9.239194866932177,147.16622931130104,0.0,0.0,0.12690294746892516,436.5485262655374,19934
Subject_07.fif,Angle 5,misc,-1 (FIFF_UNIT_NONE),0,22.442041397094727,179.95028686523438,131.13539554845428,57.216657011226445,143.0742387894826,0.0,0.0,0.12696041162013544,436.51979418993227,19942
Subject_07.fif,Angle 6,misc,-1 (FIFF_UNIT_NONE),0,30.22252655029297,179.95057678222656,164.46552688722343,17.949399996155208,165.44210617165749,0.0,0.0,0.12695709638064254,436.5214518096787,19877
Subject_07.fif,Angle 7,misc,-1 (FIFF_UNIT_NONE),0,19.610065460205078,176.1831512451172,154.84763661415005,22.763718948511116,156.51190838193327,0.0,0.0,0.12695046590165673,436.5247670491716,19974
Subject_07.fif,Angle 8,misc,-1 (FIFF_UNIT_NONE),0,20.132116317749023,179.8688507080078,126.50748040879878,58.82464719181325,139.51516661862934,0.0,0.0,0.12684990363703874,436.5750481814806,19956
Subject_07.fif,Angle 9,misc,-1 (FIFF_UNIT_NONE),0,16.323591232299805,179.9031982421875,157.31666643593482,27.256036933226238,159.660342877687,0.0,0.0,0.1270156656116838,436.49216719415807,19889
Subject_07.fif,Angle 10,misc,-1 (FIFF_UNIT_NONE),0,22.813093185424805,173.9514923095703,140.14693874245341,28.059498583934577,142.92830335403417,0.0,0.0,0.12691399826723482,436.54300086638256,19991
Subject_07.fif,Angle 11,misc,-1 (FIFF_UNIT_NONE),0,11.646995544433594,179.9577178955078,112.90036289731917,60.55172047516546,128.11324207453708,0.0,0.0,0.1269051576285871,436.5474211857064,20016
Subject_07.fif,Angle 12,misc,-1 (FIFF_UNIT_NONE),0,7.615686416625977,179.10757446289062,155.95186016237858,24.92436893556643,157.93101929305183,0.0,0.0,0.1268985271496013,436.5507364251993,19964
Subject_07.fif,Angle 13,misc,-1 (FIFF_UNIT_NONE),0,26.906078338623047,161.05020141601562,111.64722941245282,28.675922633566515,115.27103874938909,0.0,0.0,0.12673939565394204,436.63030217302895,20049
Subject_07.fif,Angle 14,misc,-1 (FIFF_UNIT_NONE),0,14.574421882629395,179.89988708496094,118.78699716035737,56.86239358813415,131.69541563375176,0.0,0.0,0.1268344325194052,436.5827837402974,19986
Subject_07.fif,Angle 15,misc,-1 (FIFF_UNIT_NONE),0,32.999000549316406,179.85728454589844,157.4848243564427,22.862326442144795,159.13565242561708,0.0,0.0,0.12698030305709285,436.50984847145355,19971
Subject_08.fif,EMG 1,emg,107 (FIFF_UNIT_V),0,-759.8565063476562,889.9402465820312,-4.107120410724101e-06,49.8010603528043,49.80106035280446,1.537307713002219e-05,0.002,0.0007686547005431094,499.6156726497284,19440
Subject_08.fif,EMG 2,emg,107 (FIFF_UNIT_V),0,-754.5971069335938,1032.49462890625,2.0938803755628878e-05,58.37056856330131,58.370568563305056,9.882692440728552e-06,0.002,0.0006884949960578995,499.65575250197105,19577
Subject_08.fif,EMG 3,emg,107 (FIFF_UNIT_V),0,-1788.37646484375,1137.5762939453125,3.187804833400561e-05,72.70990580480726,72.70990580481426,9.882692440728552e-06,0.002,0.0006379834014507809,499.6810082992746,19683
Subject_08.fif,EMG 4,emg,107 (FIFF_UNIT_V),0,-1925.176513671875,1070.997802734375,1.933199767503339e-05,78.24831422879016,78.24831422879254,4.392307751434912e-06,0.002,0.0006533564954616431,499.67332175226915,19718
Subject_08.fif,EMG 5,emg,107 (FIFF_UNIT_V),0,-1622.0086669921875,1275.04638671875,2.1591076064867523e-05,62.577620108273,62.577620108276726,7.686538565011095e-06,0.002,0.000728025809228688,499.63598709538564,19640
Subject_08.fif,EMG 6,emg,107 (FIFF_UNIT_V),0,-794.41162109375,925.9874877929688,1.888023023532003e-05,55.99973390259546,55.99973390259864,7.686538565011095e-06,0.002,0.0006270026200144507,499.6864986899928,19627
Subject_08.fif,EMG 7,emg,107 (FIFF_UNIT_V),0,-739.40625,953.2214965820312,-9.066896519627564e-06,53.87309841906849,53.87309841906926,1.4275000192163464e-05,0.002,0.000891639452630007,499.554180273685,19469
Subject_08.fif,EMG 8,emg,107 (FIFF_UNIT_V),0,-509.6058654785156,581.5091552734375,-1.0604904727253888e-05,41.33602366459656,41.336023664597924,1.3176923254304736e-05,0.002,0.0010881954403403164,499.45590227982984,19288
Subject_08.fif,Gyroscope 1,misc,-1 (FIFF_UNIT_NONE),0,-0.7588481307029724,0.40380755066871643,-0.6093395029656121,0.08282210991071641,0.614942380849167,0.0,0.0,0.9008226801452098,49.58865992739507,2774
Subject_08.fif,Gyroscope 2,misc,-1 (FIFF_UNIT_NONE),0,-0.8768287897109985,-0.2664177715778351,-0.4397832499349626,0.04324432377599026,0.44190426391040905,0.0,0.0,0.9004822759206836,49.75886203965819,3261
Subject_08.fif,Gyroscope 3,misc,-1 (FIFF_UNIT_NONE),0,0.43463024497032166,1.0630465745925903,0.6535346028147088,0.03083998918686394,0.654261860426867,0.0,0.0,0.9008479359425134,49.57603202874329,2388
Subject_08.fif,Accelerometer 1,misc,-1 (FIFF_UNIT_NONE),0,-164.41123962402344,154.08021545410156,-0.821737636064555,7.774902905083079,7.818207462455461,0.0015812307905165683,0.02,0.9001770101967537,49.91149490162318,2685
Subject_08.fif,Accelerometer 2,misc,-1 (FIFF_UNIT_NONE),0,-50.66320037841797,374.70928955078125,1.5122204677017341,5.625440808631625,5.825151932297911,0.0019875192575242976,0.04,0.9003933315910494,49.80333420447533,1911
Subject_08.fif,Accelerometer 3,misc,-1 (FIFF_UNIT_NONE),0,-104.77516174316406,223.81842041015625,-0.3992004724212792,5.053335374591904,5.069078755087878,0.0029867692709757403,0.04,0.9004130969976347,49.79345150118263,1838
Subject_08.fif,Angle 1,misc,-1 (FIFF_UNIT_NONE),0,135.66270446777344,178.92861938476562,159.93776284697284,6.130889690120325,160.05522732134352,0.0,0.0,0.15154796075907945,424.22601962046025,20025
Subject_08.fif,Angle 2,misc,-1 (FIFF_UNIT_NONE),0,123.50820922851562,179.89901733398438,168.35809168407928,8.667827214832387,168.5810732678228,0.0,0.0,0.15172365326206075,424.1381733689696,20002
Subject_08.fif,Angle 3,misc,-1 (FIFF_UNIT_NONE),0,92.2867660522461,179.9785614013672,164.00268145783025,15.118617508138387,164.69806350020005,0.0,0.0,0.1517060840117626,424.1469579941187,20034
Subject_08.fif,Angle 4,misc,-1 (FIFF_UNIT_NONE),0,66.29423522949219,164.9837646484375,148.91647334000604,12.906901828885974,149.47476090245212,0.0,0.0,0.15160506082254838,424.1974695887258,19998
Subject_08.fif,Angle 5,misc,-1 (FIFF_UNIT_NONE),0,33.25612258911133,179.86764526367188,135.7136586741359,43.530396249547145,142.52400691940446,0.0,0.0,0.15162702238542103,424.1864888072895,20080
Subject_08.fif,Angle 6,misc,-1 (FIFF_UNIT_NONE),0,89.0234146118164,179.8810577392578,163.59667531332988,13.397268441725322,164.1443236157581,0.0,0.0,0.1517456148249334,424.1271925875333,20038
Subject_08.fif,Angle 7,misc,-1 (FIFF_UNIT_NONE),0,38.92561340332031,175.15904235839844,148.682302241731,27.01279591424863,151.11624050050443,0.0,0.0,0.15160066850997383,424.1996657450131,20087
Subject_08.fif,Angle 8,misc,-1 (FIFF_UNIT_NONE),0,22.374479293823242,179.939697265625,131.3831759928867,42.442524386808856,138.06848594195094,0.0,0.0,0.15153039150878134,424.2348042456093,20113
Subject_08.fif,Angle 9,misc,-1 (FIFF_UNIT_NONE),0,72.36347961425781,179.93228149414062,159.9148152383425,18.107588291750474,160.93673566484676,0.0,0.0,0.15169400515218265,424.1529974239087,20076
Subject_08.fif,Angle 10,misc,-1 (FIFF_UNIT_NONE),0,29.65863609313965,170.88380432128906,126.32498171919592,34.163819184465815,130.8631634480233,0.0,0.0,0.1515391761339304,424.2304119330348,20112
Subject_08.fif,Angle 11,misc,-1 (FIFF_UNIT_NONE),0,11.0528564453125,179.90797424316406,124.01124384250852,42.559556629505444,131.1110386651947,0.0,0.0,0.151486468383036,424.256765808482,20133
Subject_08.fif,Angle 12,misc,-1 (FIFF_UNIT_NONE),0,72.26078033447266,178.78433227539062,159.64036214206078,16.729574755503233,160.5145597643662,0.0,0.0,0.15165118010458095,424.17440994770953,20055
Subject_08.fif,Angle 13,misc,-1 (FIFF_UNIT_NONE),0,32.40488815307617,163.471923828125,107.15571333940129,38.05914602599021,113.71387557155717,0.0,0.0,0.15148866453932328,424.25566773033836,20123
Subject_08.fif,Angle 14,misc,-1 (FIFF_UNIT_NONE),0,25.988996505737305,179.77674865722656,139.00725048156664,34.66922081434386,143.2653850667311,0.0,0.0,0.1515292934306377,424.23535328468114,20094
Subject_08.fif,Angle 15,misc,-1 (FIFF_UNIT_NONE),0,69.05073547363281,179.94015502929688,159.99893861683714,15.917424609155725,160.7887582037456,0.0,0.0,0.1516522781827246,424.1738609086377,20076
Subject_09.fif,EMG 1,emg,107 (FIFF_UNIT_V),0,-705.2139282226562,678.78076171875,4.198041042023983e-05,40.83267797381611,40.8326779738377,1.662025920956263e-05,0.002,0.0008576063254560604,499.571196837272,19310
Subject_09.fif,EMG 2,emg,107 (FIFF_UNIT_V),0,-977.3362426757812,866.7750244140625,4.5190113034336156e-05,47.45820010623466,47.45820010625618,5.540086403187544e-06,0.002,0.0007578846597053557,499.62105767014737,19388
Subject_09.fif,EMG 3,emg,107 (FIFF_UNIT_V),0,-1070.438720703125,963.2418823242188,2.0276996031180196e-05,49.20568074094542,49.205680740949596,1.1080172806375087e-05,0.002,0.0007988813445139787,499.60055932774304,19367
Subject_09.fif,EMG 4,emg,107 (FIFF_UNIT_V),0,-1739.904296875,1324.8206787109375,-4.904587328831642e-06,55.04559823888276,55.04559823888298,5.540086403187544e-06,0.002,0.0006725672345630862,499.66371638271846,19479
Subject_09.fif,EMG 5,emg,107 (FIFF_UNIT_V),0,-2373.564208984375,1888.80029296875,-4.684688309742122e-05,74.70057406349714,74.70057406351182,7.756120964462563e-06,0.002,0.0005717375503040403,499.714131224848,19578
Subject_09.fif,EMG 6,emg,107 (FIFF_UNIT_V),0,-1142.85107421875,1486.81396484375,-8.308900208700222e-05,99.68943103262085,99.68943103265546,3.3240518419125266e-06,0.002,0.0004565036254365593,499.77174818728173,19604
Subject_09.fif,EMG 7,emg,107 (FIFF_UNIT_V),0,-513.740234375,667.0390625,2.435206262151162e-05,46.03858647115693,46.03858647116337,1.772827649020014e-05,0.002,0.0007390483450635559,499.6304758274683,19381
Subject_09.fif,EMG 8,emg,107 (FIFF_UNIT_V),0,-438.9471130371094,441.1153564453125,2.868491449080837e-05,32.3769624590563,32.376962459069006,1.662025920956263e-05,0.002,0.0009850284539152942,499.5074857730424,19189
Subject_09.fif,Gyroscope 1,misc,-1 (FIFF_UNIT_NONE),0,-0.926145076751709,-0.40704241394996643,-0.6688486448064466,0.051947829198153654,0.6708629417532471,0.0,0.0,0.9005841473575975,49.70792632120127,3759
Subject_09.fif,Gyroscope 2,misc,-1 (FIFF_UNIT_NONE),0,-0.9722265005111694,-0.3938588500022888,-0.6638540149443292,0.05095734737549549,0.6658068822182994,0.0,0.0,0.9004323488219548,49.78382558902264,3816
Subject_09.fif,Gyroscope 3,misc,-1 (FIFF_UNIT_NONE),0,0.0950925275683403,0.5166002511978149,0.33318106838984707,0.06413377773127411,0.3392974591409202,0.0,0.0,0.9008921765029163,49.55391174854185,4560
Subject_09.fif,Accelerometer 1,misc,-1 (FIFF_UNIT_NONE),0,-112.74088287353516,166.57815551757812,-0.8267019834797846,8.73360091138159,8.77264048327382,0.0011966586630885096,0.02,0.9001752885280195,49.91235573599022,2850
Subject_09.fif,Accelerometer 2,misc,-1 (FIFF_UNIT_NONE),0,-93.07073974609375,172.51429748535156,1.5248149451265935,6.287374360545943,6.469631903480439,0.0014515026376351367,0.02,0.9002628219901785,49.86858900491074,2361
Subject_09.fif,Accelerometer 3,misc,-1 (FIFF_UNIT_NONE),0,-197.15919494628906,143.0167236328125,-0.4472495143849623,6.968162545599212,6.9825010841395,0.001761747476213639,0.02,0.9002816583048203,49.859170847589844,2386
Subject_09.fif,Angle 1,misc,-1 (FIFF_UNIT_NONE),0,141.20501708984375,179.802001953125,162.76295249625144,6.47166041631799,162.89156237767855,0.0,0.0,0.2938354282269931,353.0822858865035,19889
Subject_09.fif,Angle 2,misc,-1 (FIFF_UNIT_NONE),0,81.55565643310547,179.75555419921875,162.96359155751622,10.934712550598263,163.33003432280663,0.0,0.0,0.2937135461910756,353.1432269044622,19918
Subject_09.fif,Angle 3,misc,-1 (FIFF_UNIT_NONE),0,90.16691589355469,179.94493103027344,164.50186675210608,13.971885926047346,165.09414817387727,0.0,0.0,0.293770055135001,353.11497243249954,19899
Subject_09.fif,Angle 4,misc,-1 (FIFF_UNIT_NONE),0,61.623538970947266,164.36451721191406,148.0048823398056,13.31150475934643,148.60229256434033,0.0,0.0,0.2938786409488184,353.06067952559084,19886
Subject_09.fif,Angle 5,misc,-1 (FIFF_UNIT_NONE),0,26.591449737548828,179.96047973632812,142.5288235100307,42.91109504079651,148.8483376082976,0.0,0.0,0.2939916588366692,353.0041705816654,19907
Subject_09.fif,Angle 6,misc,-1 (FIFF_UNIT_NONE),0,53.98379135131836,179.92022705078125,164.59867829390342,15.296976977873918,165.30796230297412,0.0,0.0,0.293961742336944,353.019128831528,19856
Subject_09.fif,Angle 7,misc,-1 (FIFF_UNIT_NONE),0,38.932037353515625,175.349609375,152.70581517149796,25.798785591510132,154.86976246249108,0.0,0.0,0.2939805786515858,353.0097106742071,19908
Subject_09.fif,Angle 8,misc,-1 (FIFF_UNIT_NONE),0,21.157081604003906,179.961669921875,137.3518685073585,47.93094427958817,145.47477857689174,0.0,0.0,0.29378002730157604,353.109986349212,19936
Subject_09.fif,Angle 9,misc,-1 (FIFF_UNIT_NONE),0,56.50336837768555,179.72283935546875,164.09755038624928,17.47810375243113,165.02572573253047,0.0,0.0,0.29388750509688516,353.05624745155745,19832
Subject_09.fif,Angle 10,misc,-1 (FIFF_UNIT_NONE),0,25.865718841552734,178.44442749023438,139.9999245483256,31.19614723863559,143.43353330400632,0.0,0.0,0.29376451504245926,353.11774247877037,19940
Subject_09.fif,Angle 11,misc,-1 (FIFF_UNIT_NONE),0,15.5678071975708,179.88421630859375,127.26064797357816,50.73579420640679,137.00143552682155,0.0,0.0,0.2937578669314092,353.12106653429544,19940
Subject_09.fif,Angle 12,misc,-1 (FIFF_UNIT_NONE),0,48.435508728027344,178.8115692138672,162.05307317926463,16.23205872031421,162.86398698651533,0.0,0.0,0.2940049550587693,352.99752247061537,19904
Subject_09.fif,Angle 13,misc,-1 (FIFF_UNIT_NONE),0,29.340364456176758,173.39100646972656,113.23238134554123,31.413613103964128,117.50909442859144,0.0,0.0,0.2937168702466006,353.1415648766997,19967
Subject_09.fif,Angle 14,misc,-1 (FIFF_UNIT_NONE),0,15.817037582397461,179.14083862304688,141.76984688685874,38.22897702295175,146.83372967593223,0.0,0.0,0.2938055117272679,353.0972441363661,19933
Subject_09.fif,Angle 15,misc,-1 (FIFF_UNIT_NONE),0,42.795806884765625,179.31875610351562,159.98436868678598,17.032233075043127,160.88845573139193,0.0,0.0,0.2938886131153935,353.05569344230327,19864
Subject_10.fif,EMG 1,emg,107 (FIFF_UNIT_V),0,-643.5122680664062,842.86572265625,-9.622033493888478e-06,37.33636052144208,37.33636052144332,1.3238559953576783e-05,0.002,0.0010215766701013413,499.4892116649493,19304
Subject_10.fif,EMG 2,emg,107 (FIFF_UNIT_V),0,-587.4321899414062,840.26025390625,-1.84136487236747e-05,43.66590625307217,43.66590625307605,1.3238559953576783e-05,0.002,0.0009608998700413264,499.51955006497934,19374
Subject_10.fif,EMG 3,emg,107 (FIFF_UNIT_V),0,-953.1500854492188,944.8515014648438,-1.4619353300640608e-05,53.981539887566434,53.98153988756841,8.825706635717855e-06,0.002,0.000894706997248583,499.5526465013757,19484
Subject_10.fif,EMG 4,emg,107 (FIFF_UNIT_V),0,-973.8765258789062,1176.3607177734375,-7.676743962435404e-06,53.106331248000274,53.106331248000835,6.619279976788392e-06,0.002,0.0008980166408882201,499.55099167955586,19426
Subject_10.fif,EMG 5,emg,107 (FIFF_UNIT_V),0,-693.146484375,1048.12646484375,2.294951215739502e-05,46.105106031260405,46.10510603126612,7.722493306253124e-06,0.002,0.0008560944881194825,499.57195275594023,19389
Subject_10.fif,EMG 6,emg,107 (FIFF_UNIT_V),0,-678.6143188476562,848.06591796875,5.67974970954101e-05,45.220671384405826,45.220671384441495,1.544498661250625e-05,0.002,0.000834030197188568,499.5829849014057,19431
Subject_10.fif,EMG 7,emg,107 (FIFF_UNIT_V),0,-725.33984375,709.9857177734375,2.920006650491748e-05,59.730718071931946,59.73071807193909,9.928919965182588e-06,0.002,0.0008439591281074796,499.57802043594626,19509
Subject_10.fif,EMG 8,emg,107 (FIFF_UNIT_V),0,-1261.7886962890625,618.9862670898438,1.890784451525659e-05,33.7571226719559,33.75712267196119,1.103213329464732e-05,0.002,0.0011363109829420966,499.43184450852897,19196
Subject_10.fif,Gyroscope 1,misc,-1 (FIFF_UNIT_NONE),0,-1.328670859336853,1.0568209886550903,-0.6664927167710313,0.08641881487991862,0.6720719850388646,0.0,0.0,0.9007702643963982,49.614867801800884,4400
Subject_10.fif,Gyroscope 2,misc,-1 (FIFF_UNIT_NONE),0,-0.9463476538658142,0.05621323361992836,-0.30446311602282367,0.04176689126133527,0.30731459813026063,0.0,0.0,0.9005286604107047,49.73566979464764,3096
Subject_10.fif,Gyroscope 3,misc,-1 (FIFF_UNIT_NONE),0,0.32452309131622314,0.927304744720459,0.6688179692541828,0.064804672019828,0.6719502373783988,0.0,0.0,0.9009545012256713,49.52274938716432,3977
Subject_10.fif,Accelerometer 1,misc,-1 (FIFF_UNIT_NONE),0,-472.373291015625,361.3873291015625,-0.9076425337514282,8.788596978781738,8.835341070073424,0.0015334665279559774,0.04,0.9001690124685308,49.915493765734595,2275
Subject_10.fif,Accelerometer 2,misc,-1 (FIFF_UNIT_NONE),0,-194.7176055908203,172.51429748535156,1.5187148062298954,6.793198417686048,6.9608935780339385,0.0016437878609024505,0.04,0.9003322882214195,49.83385588929021,2083
Subject_10.fif,Accelerometer 3,misc,-1 (FIFF_UNIT_NONE),0,-500.0396728515625,326.5029602050781,-0.40156039352006834,9.157919405516727,9.166719074324458,0.003011772389438718,0.04,0.9003212560759541,49.839371962022945,1568
Subject_10.fif,Angle 1,misc,-1 (FIFF_UNIT_NONE),0,122.9445571899414,176.4575653076172,154.58652939467353,5.39656998274694,154.68069704351916,0.0,0.0,0.10259564318511279,448.7021784074436,19999
Subject_10.fif,Angle 2,misc,-1 (FIFF_UNIT_NONE),0,115.20053100585938,179.6875,153.78230017716004,6.5326858552613105,153.92099217540695,0.0,0.0,0.10267066177427789,448.6646691128611,19980
Subject_10.fif,Angle 3,misc,-1 (FIFF_UNIT_NONE),0,64.36631774902344,179.95962524414062,152.99163220180597,12.064916324460109,153.46661438139859,0.0,0.0,0.1025790949669146,448.7104525165427,20038
Subject_10.fif,Angle 4,misc,-1 (FIFF_UNIT_NONE),0,51.05289077758789,162.25523376464844,144.41905823092767,6.995048097550899,144.58836425589416,0.0,0.0,0.10279753144713065,448.6012342764347,20030
Subject_10.fif,Angle 5,misc,-1 (FIFF_UNIT_NONE),0,24.07621955871582,179.96995544433594,135.47142895986312,48.219102213559886,143.79704406805092,0.0,0.0,0.10253937924323894,448.7303103783805,20031
Subject_10.fif,Angle 6,misc,-1 (FIFF_UNIT_NONE),0,24.051219940185547,179.9259033203125,154.93465262488425,28.90497889986531,157.60788174832885,0.0,0.0,0.10283614395625974,448.5819280218701,19962
Subject_10.fif,Angle 7,misc,-1 (FIFF_UNIT_NONE),0,28.43074607849121,173.08888244628906,156.74360211885468,13.02612017471072,157.28393628085428,0.0,0.0,0.10276112536709464,448.61943731645266,20043
Subject_10.fif,Angle 8,misc,-1 (FIFF_UNIT_NONE),0,19.872243881225586,179.92657470703125,116.28296255415036,55.199772804564276,128.71962670100254,0.0,0.0,0.10266073284335898,448.6696335783205,20077
Subject_10.fif,Angle 9,misc,-1 (FIFF_UNIT_NONE),0,34.52302169799805,179.42904663085938,154.57328303163112,25.4260517474042,156.6505152708998,0.0,0.0,0.10300934864006743,448.4953256799663,20040
Subject_10.fif,Angle 10,misc,-1 (FIFF_UNIT_NONE),0,33.39115905761719,166.328125,143.15733880133862,13.34265300923016,143.77778007051705,0.0,0.0,0.10273023535979137,448.63488232010434,19997
Subject_10.fif,Angle 11,misc,-1 (FIFF_UNIT_NONE),0,12.246637344360352,179.58563232421875,109.12762810159249,57.332750263776774,123.27158418665704,0.0,0.0,0.1026011592578455,448.6994203710772,20103
Subject_10.fif,Angle 12,misc,-1 (FIFF_UNIT_NONE),0,52.182281494140625,179.30648803710938,148.32245805065688,29.524394172013736,151.2324086081198,0.0,0.0,0.10277326072710664,448.6133696364467,20062
Subject_10.fif,Angle 13,misc,-1 (FIFF_UNIT_NONE),0,45.62147903442383,154.1569366455078,125.7854538455285,10.991958824056121,126.26481520168366,0.0,0.0,0.1025548242468906,448.7225878765547,20056
Subject_10.fif,Angle 14,misc,-1 (FIFF_UNIT_NONE),0,5.838589191436768,178.33836364746094,121.98381991891809,49.484422712470845,131.6387496643657,0.0,0.0,0.10254599853051823,448.7270007347409,20110
Subject_10.fif,Angle 15,misc,-1 (FIFF_UNIT_NONE),0,35.22269821166992,179.50588989257812,138.76961138556388,30.977487363749454,142.18512498665842,0.0,0.0,0.10259233354147314,448.7038332292634,20109
Subject_11.fif,EMG 1,emg,107 (FIFF_UNIT_V),0,-508.3237609863281,640.5482177734375,3.8781945008124725e-05,31.816955476532197,31.816955476555837,1.524378625162918e-05,0.002,0.0011966385237030246,499.4016807381485,19422
Subject_11.fif,EMG 2,emg,107 (FIFF_UNIT_V),0,-673.6747436523438,785.1329956054688,2.9667970055172683e-05,43.22822757814155,43.228227578151724,1.08884187511637e-05,0.002,0.000995202557474581,499.50239872126275,19715
Subject_11.fif,EMG 3,emg,107 (FIFF_UNIT_V),0,-1928.3798828125,1090.706298828125,4.912812893013142e-05,61.18974459548495,61.18974459550467,4.35536750046548e-06,0.002,0.0008177211385814117,499.59113943070935,19839
Subject_11.fif,EMG 4,emg,107 (FIFF_UNIT_V),0,-1082.806396484375,904.94775390625,5.086033430902697e-05,55.388249140196024,55.38824914021937,1.08884187511637e-05,0.002,0.0008275207261276603,499.58623963693617,19810
Subject_11.fif,EMG 5,emg,107 (FIFF_UNIT_V),0,-1007.0864868164062,978.7923583984375,3.213464108962417e-05,51.75316393891917,51.75316393892915,7.62189312581459e-06,0.002,0.000826431883066966,499.58678405846655,19785
Subject_11.fif,EMG 6,emg,107 (FIFF_UNIT_V),0,-619.69091796875,708.6428833007812,-2.093908829390409e-05,45.37697399214776,45.37697399215259,6.53305125069822e-06,0.002,0.0007523905549397543,499.62380472253017,19834
Subject_11.fif,EMG 7,emg,107 (FIFF_UNIT_V),0,-1774.22998046875,1293.8441162109375,-0.00023390435639747628,63.486956606337095,63.48695660676798,1.851031187697829e-05,0.002,0.000999557929717358,499.50022103514135,19721
Subject_11.fif,EMG 8,emg,107 (FIFF_UNIT_V),0,-578.947509765625,685.1902465820312,5.73894005586907e-06,25.070141742490858,25.070141742491515,2.068799562721103e-05,0.002,0.001408962920538411,499.29551853973084,19176
Subject_11.fif,Gyroscope 1,misc,-1 (FIFF_UNIT_NONE),0,-1.0923434495925903,-0.6422102451324463,-0.8751265408885923,0.045860802829763715,0.8763273793530724,0.0,0.0,0.900365415731169,49.8172921344155,3215
Subject_11.fif,Gyroscope 2,misc,-1 (FIFF_UNIT_NONE),0,-0.3917226195335388,0.052184924483299255,-0.11952217483573092,0.05190591061644297,0.13030646121503414,2.17768375023274e-05,0.02,0.9002608867973424,49.869556601328824,3796
Subject_11.fif,Gyroscope 3,misc,-1 (FIFF_UNIT_NONE),0,0.13146938383579254,0.7539043426513672,0.4444766890139848,0.08885357279057303,0.45327087318124054,0.0,0.0,0.9003490830852586,49.82545845737071,5544
Subject_11.fif,Accelerometer 1,misc,-1 (FIFF_UNIT_NONE),0,-284.4769287109375,245.1366424560547,-0.8301128989343539,15.336509421926639,15.358958580379785,0.0005879746125628398,0.02,0.9000997380243596,49.9501309878202,4337
Subject_11.fif,Accelerometer 2,misc,-1 (FIFF_UNIT_NONE),0,-109.5362777709961,121.08809661865234,1.5973498587200632,9.430128076790163,9.564457230591769,0.0009037387563465871,0.02,0.9001726905094262,49.91365474528695,3201
Subject_11.fif,Accelerometer 3,misc,-1 (FIFF_UNIT_NONE),0,-95.48181915283203,160.38259887695312,-0.43185148522208106,8.183991462180492,8.19537747503626,0.0011868376438768432,0.02,0.9001901119983973,49.90494400080139,2814
Subject_11.fif,Angle 1,misc,-1 (FIFF_UNIT_NONE),0,121.6126937866211,179.35484313964844,155.95023075663238,4.944883712258362,156.0286074666266,0.0,0.0,0.10473908053736583,447.6304597313171,20227
Subject_11.fif,Angle 2,misc,-1 (FIFF_UNIT_NONE),0,117.7708511352539,179.95159912109375,161.1693016239665,13.407352768865408,161.72600562131586,0.0,0.0,0.10473799169430513,447.6310041528475,20314
Subject_11.fif,Angle 3,misc,-1 (FIFF_UNIT_NONE),0,100.37975311279297,179.98245239257812,163.49989288625216,10.133777014378348,163.81363926850864,0.0,0.0,0.10467374995372417,447.6631250231379,20328
Subject_11.fif,Angle 4,misc,-1 (FIFF_UNIT_NONE),0,119.2765121459961,164.3652801513672,147.36496306479955,8.469584480417563,147.60815086017664,0.0,0.0,0.10487954129219539,447.56022935390234,20307
Subject_11.fif,Angle 5,misc,-1 (FIFF_UNIT_NONE),0,16.324321746826172,179.5605010986328,123.88182909375931,61.29836465933505,138.21793331374988,0.0,0.0,0.10479787806264332,447.6010609686784,20249
Subject_11.fif,Angle 6,misc,-1 (FIFF_UNIT_NONE),0,50.38623809814453,179.9273681640625,168.59729180997152,16.819577867805354,169.43419078010157,0.0,0.0,0.10493398344523011,447.53300827738497,20088
Subject_11.fif,Angle 7,misc,-1 (FIFF_UNIT_NONE),0,130.4080047607422,179.0397491455078,161.48768408396438,10.30425000384419,161.81609833061728,0.0,0.0,0.10482292145303929,447.58853927348036,20284
Subject_11.fif,Angle 8,misc,-1 (FIFF_UNIT_NONE),0,12.80554485321045,179.89501953125,111.53654556906322,66.99195224417859,130.1088877170427,0.0,0.0,0.1046857272273918,447.6571363863041,20281
Subject_11.fif,Angle 9,misc,-1 (FIFF_UNIT_NONE),0,3.889577865600586,179.96481323242188,165.38921898214267,19.94898653364379,166.58798221733355,0.0,0.0,0.10495684914950469,447.5215754252477,20158
Subject_11.fif,Angle 10,misc,-1 (FIFF_UNIT_NONE),0,107.13350677490234,167.9426727294922,147.3823440057878,11.219590364661599,147.80877691325094,0.0,0.0,0.10483707641282831,447.58146179358585,20289
Subject_11.fif,Angle 11,misc,-1 (FIFF_UNIT_NONE),0,4.674903392791748,179.89952087402344,104.82235335340647,67.48397554840291,124.66680680262827,0.0,0.0,0.10481094417937165,447.5945279103142,20326
Subject_11.fif,Angle 12,misc,-1 (FIFF_UNIT_NONE),0,19.116228103637695,179.96861267089844,161.96557467567482,20.68465479358384,163.28105316891893,0.0,0.0,0.10477936773061151,447.61031613469424,20257
Subject_11.fif,Angle 13,misc,-1 (FIFF_UNIT_NONE),0,78.60443115234375,157.48123168945312,120.91166066059,14.8581084856707,121.82115198713903,0.0,0.0,0.10471512599003055,447.64243700498474,20353
Subject_11.fif,Angle 14,misc,-1 (FIFF_UNIT_NONE),0,7.19216775894165,179.88436889648438,104.57288651443645,65.93888490360635,123.62615069754557,0.0,0.0,0.10472928094981958,447.6353595250902,20336
Subject_11.fif,Angle 15,misc,-1 (FIFF_UNIT_NONE),0,26.98918342590332,179.9434814453125,161.69256711309092,18.194782419040184,162.71304915985573,0.0,0.0,0.10479134500427915,447.6043274978604,20290
Subject_12.fif,EMG 1,emg,107 (FIFF_UNIT_V),0,-1186.93798828125,1135.908447265625,-3.545529569557189e-06,72.06846723518055,72.06846723518063,1.0777917770954158e-05,0.002,0.0008848680026987935,499.5575659986506,19560
Subject_12.fif,EMG 2,emg,107 (FIFF_UNIT_V),0,-1403.8995361328125,1441.6290283203125,-2.710054605250514e-06,80.83339326157386,80.8333932615739,7.544542439667911e-06,0.002,0.0005906305304250168,499.70468473478746,19691
Subject_12.fif,EMG 3,emg,107 (FIFF_UNIT_V),0,-1521.175048828125,1322.313720703125,-9.206555245365295e-06,91.05321225424115,91.05321225424161,8.622334216763326e-06,0.002,0.0005367408834884278,499.7316295582558,19717
Subject_12.fif,EMG 4,emg,107 (FIFF_UNIT_V),0,-1504.008056640625,1450.2869873046875,-4.567181803991129e-05,88.93359771957418,88.9335977195859,8.622334216763326e-06,0.002,0.0005733858434053083,499.71330707829736,19712
Subject_12.fif,EMG 5,emg,107 (FIFF_UNIT_V),0,-1537.7325439453125,1433.472900390625,-3.5006516574336024e-05,86.95739541280645,86.95739541281348,5.388958885477079e-06,0.002,0.0006046418386285301,499.69767908068576,19694
Subject_12.fif,EMG 6,emg,107 (FIFF_UNIT_V),0,-1315.7130126953125,1320.972900390625,-3.744658756783452e-05,79.51563834945132,79.51563834946013,4.311167108381663e-06,0.002,0.0006509869349939967,499.674506532503,19645
Subject_12.fif,EMG 7,emg,107 (FIFF_UNIT_V),0,-2014.3436279296875,1699.19140625,-1.3747988168968051e-06,88.2869855905648,88.2869855905648,9.700125993858742e-06,0.002,0.0008773234521276711,499.56133827393614,19602
Subject_12.fif,EMG 8,emg,107 (FIFF_UNIT_V),0,-1000.3740234375,1108.8265380859375,-1.0659186181835703e-06,69.10657550177349,69.1065755017735,1.724466843352665e-05,0.002,0.0009430688213903097,499.52846558930486,19541
Subject_12.fif,Gyroscope 1,misc,-1 (FIFF_UNIT_NONE),0,-0.9586767554283142,0.07476787269115448,-0.8400026886528609,0.01861133629623864,0.8402088423616874,0.0,0.0,0.9010974087702167,49.45129561489165,1386
Subject_12.fif,Gyroscope 2,misc,-1 (FIFF_UNIT_NONE),0,-0.5385118126869202,0.04022206366062164,-0.13463979461115597,0.03242154166191541,0.13848837733423544,0.0,0.0,0.9008096380555753,49.59518097221234,2705
Subject_12.fif,Gyroscope 3,misc,-1 (FIFF_UNIT_NONE),0,0.360899955034256,1.1274385452270508,0.5138146851459923,0.025411717856955077,0.5144426946474375,0.0,0.0,0.9010575304314836,49.471234784258186,2112
Subject_12.fif,Accelerometer 1,misc,-1 (FIFF_UNIT_NONE),0,-129.89312744140625,115.6707992553711,-0.847674206631719,6.014116418500412,6.073561381583701,0.0026082561005709064,0.04,0.9002912196520453,49.854390173977336,2222
Subject_12.fif,Accelerometer 2,misc,-1 (FIFF_UNIT_NONE),0,-121.8358383178711,238.07125854492188,1.5223946473383092,7.128102136453261,7.2888631164231565,0.0015196864057045363,0.04,0.9004388772846516,49.78056135767421,2391
Subject_12.fif,Accelerometer 3,misc,-1 (FIFF_UNIT_NONE),0,-70.98951721191406,109.88726043701172,-0.4146274746639878,4.237289351548341,4.257527098151132,0.003405822015621514,0.04,0.9005757569878705,49.71212150606474,1707
Subject_12.fif,Angle 1,misc,-1 (FIFF_UNIT_NONE),0,117.74285125732422,167.82110595703125,149.53615777467954,4.414658256087632,149.60130911703914,0.0,0.0,0.07067734975027537,464.6613251248623,19953
Subject_12.fif,Angle 2,misc,-1 (FIFF_UNIT_NONE),0,128.64566040039062,179.9657745361328,167.994046857839,9.632591550549154,168.269981279055,0.0,0.0,0.07078405125120982,464.6079743743951,20019
Subject_12.fif,Angle 3,misc,-1 (FIFF_UNIT_NONE),0,92.57328796386719,179.97593688964844,161.63125793642442,15.704985575218155,162.39245707245385,0.0,0.0,0.0706137599668902,464.6931200165549,20089
Subject_12.fif,Angle 4,misc,-1 (FIFF_UNIT_NONE),0,112.93292999267578,164.3648681640625,149.80171312152254,4.960515043104225,149.883821554015,0.0,0.0,0.07132510330645318,464.3374483467734,19949
Subject_12.fif,Angle 5,misc,-1 (FIFF_UNIT_NONE),0,24.202472686767578,179.92686462402344,142.88664258051853,51.61862495069214,151.92457032926922,0.0,0.0,0.07087566365100202,464.562168174499,19895
Subject_12.fif,Angle 6,misc,-1 (FIFF_UNIT_NONE),0,58.00051498413086,179.97190856933594,166.09761968702077,18.940537395676262,167.17405068529982,0.0,0.0,0.07096080929316184,464.5195953534191,19909
Subject_12.fif,Angle 7,misc,-1 (FIFF_UNIT_NONE),0,64.65898132324219,178.2864532470703,160.32615206062638,12.067808346268526,160.77968476411863,0.0,0.0,0.07078512904414855,464.6074354779257,19959
Subject_12.fif,Angle 8,misc,-1 (FIFF_UNIT_NONE),0,22.41141128540039,179.96311950683594,135.78561219969427,55.28294523462225,146.6081052133885,0.0,0.0,0.0706342380327261,464.68288098363695,19961
Subject_12.fif,Angle 9,misc,-1 (FIFF_UNIT_NONE),0,37.723899841308594,179.96841430664062,162.20633235788247,22.816562240743632,163.80320439320337,0.0,0.0,0.07086380792867597,464.568096035662,19919
Subject_12.fif,Angle 10,misc,-1 (FIFF_UNIT_NONE),0,43.867225646972656,169.23167419433594,147.17093911653342,18.838059466601532,148.37168801664822,0.0,0.0,0.07065256051268455,464.6737197436577,20066
Subject_12.fif,Angle 11,misc,-1 (FIFF_UNIT_NONE),0,17.322105407714844,179.6270751953125,125.07087039268606,57.96438588550062,137.84989173687188,0.0,0.0,0.0706611828561944,464.6694085719028,20069
Subject_12.fif,Angle 12,misc,-1 (FIFF_UNIT_NONE),0,43.46676254272461,179.85183715820312,160.03735815171584,22.102930137831347,161.55647781769204,0.0,0.0,0.07071830588194718,464.6408470590264,20006
Subject_12.fif,Angle 13,misc,-1 (FIFF_UNIT_NONE),0,33.5145149230957,166.2890625,126.96209242163762,25.845371960944917,129.56603013089523,0.0,0.0,0.07055017018350503,464.7249149082475,20066
Subject_12.fif,Angle 14,misc,-1 (FIFF_UNIT_NONE),0,20.398836135864258,179.85169982910156,132.38945444800314,53.223610035073584,142.68749179309825,0.0,0.0,0.07070645015962114,464.64677492018944,20096
Subject_12.fif,Angle 15,misc,-1 (FIFF_UNIT_NONE),0,39.12380599975586,179.94969177246094,159.7645563865772,21.21109539144971,161.1664482611222,0.0,0.0,0.07068381650790777,464.6580917460461,19974
Subject_13.fif,EMG 1,emg,107 (FIFF_UNIT_V),0,-449.31475830078125,558.8539428710938,9.088009141127946e-05,44.44700734667699,44.447007346769894,6.635883540243869e-06,0.002,0.0006469993607425119,499.67650031962876,19377
Subject_13.fif,EMG 2,emg,107 (FIFF_UNIT_V),0,-652.0745239257812,711.5978393554688,9.865458304370901e-05,55.93475044466575,55.93475044475276,8.847844720325159e-06,0.002,0.0005187054704072446,499.7406472647964,19447
Subject_13.fif,EMG 3,emg,107 (FIFF_UNIT_V),0,-881.7545166015625,794.6865234375,0.00010662798325664033,73.44995396673758,73.44995396681499,7.741864130284514e-06,0.002,0.0003981534527646227,499.8009232736177,19636
Subject_13.fif,EMG 4,emg,107 (FIFF_UNIT_V),0,-2401.07177734375,1072.5164794921875,0.00010252274123191995,92.89022839682265,92.89022839687924,2.2119611800812897e-06,0.002,0.00041916710721608895,499.790416446392,19664
Subject_13.fif,EMG 5,emg,107 (FIFF_UNIT_V),0,-808.5847778320312,859.9959106445312,8.859118895463733e-05,70.08113070263263,70.08113070268864,6.635883540243869e-06,0.002,0.0004346508526013798,499.7826745736993,19607
Subject_13.fif,EMG 6,emg,107 (FIFF_UNIT_V),0,-909.2311401367188,941.5491943359375,8.732073485812559e-05,66.53279061954866,66.53279061960598,6.635883540243869e-06,0.002,0.0004512405797999058,499.77437971010005,19623
Subject_13.fif,EMG 7,emg,107 (FIFF_UNIT_V),0,-573.0075073242188,731.8665161132812,0.00011386220371685147,59.75403701176276,59.75403701187125,5.529902950203224e-06,0.002,0.000612713924532225,499.6936430377339,19533
Subject_13.fif,EMG 8,emg,107 (FIFF_UNIT_V),0,-323.5452575683594,382.2727355957031,7.333606559718123e-05,36.830542994158655,36.83054299423167,1.1059805900406447e-05,0.002,0.000770869323824839,499.6145653380876,19319
Subject_13.fif,Gyroscope 1,misc,-1 (FIFF_UNIT_NONE),0,-0.8913551568984985,1.0578585863113403,-0.6136289059391681,0.08899240206006588,0.6200484511943569,0.0,0.0,0.9004317752998869,49.78411235005652,4211
Subject_13.fif,Gyroscope 2,misc,-1 (FIFF_UNIT_NONE),0,-0.8057840466499329,-0.17327836155891418,-0.4087231347697142,0.04297415569856719,0.41097612942114614,0.0,0.0,0.9003333429185091,49.83332854074548,3166
Subject_13.fif,Gyroscope 3,misc,-1 (FIFF_UNIT_NONE),0,0.04113759100437164,0.922055721282959,0.6646125706062238,0.08821881139609442,0.6704419644472983,0.0,0.0,0.9003842180819178,49.80789095904107,4465
Subject_13.fif,Accelerometer 1,misc,-1 (FIFF_UNIT_NONE),0,-155.3468017578125,148.05252075195312,-0.9194947326902524,8.321104775387724,8.371753415290343,0.0012276384549451157,0.02,0.9000878149559709,49.95609252201457,2839
Subject_13.fif,Accelerometer 2,misc,-1 (FIFF_UNIT_NONE),0,-118.1429214477539,246.204833984375,1.7239022889074511,8.242143954181802,8.420497376233543,0.0014156551552520252,0.02,0.9002050490281738,49.89747548591311,2616
Subject_13.fif,Accelerometer 3,misc,-1 (FIFF_UNIT_NONE),0,-72.45448303222656,231.3721160888672,-0.3467982355280703,6.019985802817812,6.0299666733982376,0.0021013631210772253,0.04,0.9002636660642752,49.86816696786238,2007
Subject_13.fif,Angle 1,misc,-1 (FIFF_UNIT_NONE),0,130.20657348632812,170.54330444335938,147.5012746922115,6.072866585715385,147.62623663968114,0.0,0.0,0.08791670629768164,456.0416468511592,19955
Subject_13.fif,Angle 2,misc,-1 (FIFF_UNIT_NONE),0,102.53715515136719,179.8871307373047,166.1427327510551,10.729275333260016,166.48881342350128,0.0,0.0,0.08798970109735516,456.00514945132244,19895
Subject_13.fif,Angle 3,misc,-1 (FIFF_UNIT_NONE),0,69.57979583740234,179.89517211914062,162.30363245686522,18.036425757134907,163.30273042048572,0.0,0.0,0.08794877977026545,456.0256101148673,19942
Subject_13.fif,Angle 4,misc,-1 (FIFF_UNIT_NONE),0,44.54620361328125,167.61671447753906,151.64143462060613,8.258290592840687,151.86613861329116,0.0,0.0,0.08808592151510661,455.9570392424467,19916
Subject_13.fif,Angle 5,misc,-1 (FIFF_UNIT_NONE),0,21.46004295349121,179.95460510253906,150.173009116104,46.35485001458932,157.16457866472498,0.0,0.0,0.0880450001880169,455.9774999059916,19916
Subject_13.fif,Angle 6,misc,-1 (FIFF_UNIT_NONE),0,19.902109146118164,179.98019409179688,166.17185917822798,23.09743920579722,167.7694205766186,0.0,0.0,0.08808923946054631,455.95538026972685,19778
Subject_13.fif,Angle 7,misc,-1 (FIFF_UNIT_NONE),0,22.850133895874023,175.8884735107422,159.86705913657508,13.6120721017691,160.4455206725353,0.0,0.0,0.0880980873150522,455.9509563424739,19963
Subject_13.fif,Angle 8,misc,-1 (FIFF_UNIT_NONE),0,19.6300048828125,179.9071044921875,132.94180633578253,55.10789626963119,143.91109791494588,0.0,0.0,0.08801735064268604,455.991324678657,19987
Subject_13.fif,Angle 9,misc,-1 (FIFF_UNIT_NONE),0,1.7128920555114746,179.97064208984375,162.44475122892047,23.811252411850276,164.18061074087493,0.0,0.0,0.08804721215164338,455.9763939241783,19930
Subject_13.fif,Angle 10,misc,-1 (FIFF_UNIT_NONE),0,29.331266403198242,172.1158447265625,149.19410376425546,17.200853146142144,150.18238893750015,0.0,0.0,0.08799523100642133,456.0023844967893,20013
Subject_13.fif,Angle 11,misc,-1 (FIFF_UNIT_NONE),0,11.817830085754395,179.8531494140625,121.37269651292037,56.41501997323169,133.84313929894802,0.0,0.0,0.08792887209762723,456.0355639511864,20022
Subject_13.fif,Angle 12,misc,-1 (FIFF_UNIT_NONE),0,30.807130813598633,179.7322540283203,159.03063397958664,23.731499090970093,160.79156256798416,0.0,0.0,0.08811799498769042,455.9410025061548,19956
Subject_13.fif,Angle 13,misc,-1 (FIFF_UNIT_NONE),0,26.620166778564453,163.68115234375,129.83497536561177,19.41582635222858,131.27869263947179,0.0,0.0,0.0879941250246081,456.002937487696,20018
Subject_13.fif,Angle 14,misc,-1 (FIFF_UNIT_NONE),0,0.5607346892356873,179.97616577148438,146.36919019314254,47.364451405268625,153.841902922183,0.0,0.0,0.08795541566114487,456.0222921694276,19940
Subject_13.fif,Angle 15,misc,-1 (FIFF_UNIT_NONE),0,15.110785484313965,179.97052001953125,161.66314892255224,22.414026352766296,163.2095655802619,0.0,0.0,0.0880826035696669,455.9586982151666,19948
Subject_14.fif,EMG 1,emg,107 (FIFF_UNIT_V),0,-709.905029296875,1015.56640625,7.85593122753796e-06,39.79252898730433,39.7925289873051,1.1061004759550348e-05,0.002,0.0010629637331374796,499.46851813343125,19265
Subject_14.fif,EMG 2,emg,107 (FIFF_UNIT_V),0,-847.433837890625,1040.6046142578125,6.529042473570958e-06,45.74084918117816,45.740849181178625,6.6366028557302085e-06,0.002,0.0008384250881563055,499.58078745592184,19370
Subject_14.fif,EMG 3,emg,107 (FIFF_UNIT_V),0,-1265.4696044921875,1054.31787109375,-9.413474888960668e-06,55.21063275603134,55.21063275603214,9.954904283595314e-06,0.002,0.0007565735623996213,499.62171321880015,19472
Subject_14.fif,EMG 4,emg,107 (FIFF_UNIT_V),0,-756.9630126953125,1049.17822265625,1.8894333799451183e-05,50.555578716501095,50.55557871650462,6.6366028557302085e-06,0.002,0.0007488308505037187,499.62558457474813,19455
Subject_14.fif,EMG 5,emg,107 (FIFF_UNIT_V),0,-886.0847778320312,1046.3175048828125,1.9853297404244523e-05,49.64912612435716,49.64912612436113,8.848803807640278e-06,0.002,0.0008362128847574762,499.58189355762124,19417
Subject_14.fif,EMG 6,emg,107 (FIFF_UNIT_V),0,-658.0541381835938,958.7058715820312,2.472298162333598e-05,46.2652629398067,46.26526293981331,5.530502379775174e-06,0.002,0.0007886505116826461,499.60567474415865,19427
Subject_14.fif,EMG 7,emg,107 (FIFF_UNIT_V),0,-804.7214965820312,631.125,9.628565440523037e-06,41.484519999770235,41.48451999977135,8.848803807640278e-06,0.002,0.000864971528942257,499.56751423552885,19299
Subject_14.fif,EMG 8,emg,107 (FIFF_UNIT_V),0,-673.66748046875,1009.3639526367188,6.746640960133983e-06,31.955624067383283,31.955624067383994,1.2167105235505383e-05,0.002,0.0014512054296320221,499.27439728518397,18947
Subject_14.fif,Gyroscope 1,misc,-1 (FIFF_UNIT_NONE),0,-0.7335186004638672,-0.4760119616985321,-0.6074562759249951,0.03412158074519991,0.6084138471741213,0.0,0.0,0.9006975077316509,49.651246134174556,2372
Subject_14.fif,Gyroscope 2,misc,-1 (FIFF_UNIT_NONE),0,-0.4599597454071045,-0.1931147426366806,-0.32793265228422186,0.030735057998406545,0.3293698046638911,0.0,0.0,0.9004840301036638,49.75798494816807,2426
Subject_14.fif,Gyroscope 3,misc,-1 (FIFF_UNIT_NONE),0,0.5827011466026306,0.8748146295547485,0.720688036119747,0.027730354159524306,0.7212213376959602,0.0,0.0,0.9007605555285175,49.61972223574124,2214
Subject_14.fif,Accelerometer 1,misc,-1 (FIFF_UNIT_NONE),0,-83.77739715576172,112.90873718261719,-0.8618333711201511,6.519280566835254,6.575999990016127,0.001426869613981995,0.02,0.9001433507802441,49.928324609877926,2423
Subject_14.fif,Accelerometer 2,misc,-1 (FIFF_UNIT_NONE),0,-58.186378479003906,70.69957733154297,1.5171223230738244,5.2527148104250045,5.467419228742854,0.0013826255949437934,0.04,0.9002716585773762,49.86417071131188,2162
Subject_14.fif,Accelerometer 3,misc,-1 (FIFF_UNIT_NONE),0,-56.73667907714844,64.99234008789062,-0.4697294003924738,3.5088580234460256,3.5401596487015414,0.002698885161330285,0.04,0.9003236453572487,49.83817732137563,1557
Subject_14.fif,Angle 1,misc,-1 (FIFF_UNIT_NONE),0,137.4715118408203,179.6106414794922,156.62953730572255,4.6795849052863,156.69942715750597,0.0,0.0,0.08560784712789633,457.19607643605184,19891
Subject_14.fif,Angle 2,misc,-1 (FIFF_UNIT_NONE),0,104.94037628173828,179.8308868408203,164.0783505285216,11.011350293396621,164.44742304896204,0.0,0.0,0.08560452882279808,457.19773558860095,19959
Subject_14.fif,Angle 3,misc,-1 (FIFF_UNIT_NONE),0,65.72164154052734,179.9305877685547,154.43326085958827,29.078904090076367,157.14711172275963,0.0,0.0,0.0854773271273654,457.26133643631726,19957
Subject_14.fif,Angle 4,misc,-1 (FIFF_UNIT_NONE),0,42.83678436279297,162.90866088867188,148.51218255761663,10.799815994518058,148.9043464561807,0.0,0.0,0.08567863763665887,457.16068118167055,19928
Subject_14.fif,Angle 5,misc,-1 (FIFF_UNIT_NONE),0,27.735776901245117,179.86582946777344,138.4363851787148,47.77170260180493,146.44715193824968,0.0,0.0,0.08587441763745526,457.06279118127236,19933
Subject_14.fif,Angle 6,misc,-1 (FIFF_UNIT_NONE),0,36.79988479614258,179.96832275390625,159.01416192384028,27.14947352379159,161.3152119453102,0.0,0.0,0.08591755560373243,457.04122219813377,19799
Subject_14.fif,Angle 7,misc,-1 (FIFF_UNIT_NONE),0,22.576221466064453,176.8031768798828,163.9756941572737,13.633159241070144,164.54145770975816,0.0,0.0,0.08591644950203302,457.04177524898347,19822
Subject_14.fif,Angle 8,misc,-1 (FIFF_UNIT_NONE),0,14.31103229522705,179.9657745361328,137.44205794892437,56.41737418449201,148.57065458262096,0.0,0.0,0.08591866170543185,457.04066914728406,19877
Subject_14.fif,Angle 9,misc,-1 (FIFF_UNIT_NONE),0,7.1365814208984375,179.9832305908203,164.36717709636952,26.487117138469877,166.4876460309783,0.0,0.0,0.0858622505187617,457.06887474061915,19759
Subject_14.fif,Angle 10,misc,-1 (FIFF_UNIT_NONE),0,27.774681091308594,168.42269897460938,155.12175905343406,13.414273123493086,155.70068354141327,0.0,0.0,0.08570850238254306,457.14574880872846,19828
Subject_14.fif,Angle 11,misc,-1 (FIFF_UNIT_NONE),0,2.669769763946533,179.7940673828125,125.30826680221007,63.54712866698331,140.50053128295278,0.0,0.0,0.0856354996703817,457.18225016480915,19963
Subject_14.fif,Angle 12,misc,-1 (FIFF_UNIT_NONE),0,15.79041862487793,179.47686767578125,159.7069207981265,27.953393983270605,162.13479819583148,0.0,0.0,0.08591423729863419,457.0428813506829,19867
Subject_14.fif,Angle 13,misc,-1 (FIFF_UNIT_NONE),0,20.93008041381836,153.4740753173828,134.85986813052827,12.806432584741502,135.46655951832173,0.0,0.0,0.0855680274667174,457.21598626664127,19956
Subject_14.fif,Angle 14,misc,-1 (FIFF_UNIT_NONE),0,1.8760731220245361,179.93055725097656,144.8271486545305,52.774612359684625,154.14299431734307,0.0,0.0,0.08570629017914423,457.14685491042786,19871
Subject_14.fif,Angle 15,misc,-1 (FIFF_UNIT_NONE),0,4.183531761169434,179.61878967285156,159.38002803886502,29.793136592330054,162.14075467222497,0.0,0.0,0.08571735119613838,457.1413244019308,19791
Subject_15.fif,EMG 1,emg,107 (FIFF_UNIT_V),0,-1087.353271484375,1009.7222900390625,-1.8191554793767075e-05,48.269512864546186,48.26951286454961,1.1052569335530584e-05,0.002,0.001054416280010522,499.47279185999474,19286
Subject_15.fif,EMG 2,emg,107 (FIFF_UNIT_V),0,-1392.0074462890625,1320.1363525390625,-1.9596211604187826e-05,59.6654420907162,59.66544209071942,8.842055468424468e-06,0.002,0.0009140484943068152,499.5429757528466,19369
Subject_15.fif,EMG 3,emg,107 (FIFF_UNIT_V),0,-1558.6290283203125,1450.001220703125,-2.11776782068936e-05,70.30923501316178,70.30923501316497,5.526284667765292e-06,0.002,0.0007957858717060544,499.602107064147,19485
Subject_15.fif,EMG 4,emg,107 (FIFF_UNIT_V),0,-1713.3714599609375,1802.681640625,-1.7162547797212765e-05,74.85286174879094,74.8528617487929,4.421027734212234e-06,0.002,0.0006907863469670611,499.6546068265165,19568
Subject_15.fif,EMG 5,emg,107 (FIFF_UNIT_V),0,-1524.9578857421875,1364.9072265625,-9.048421977149418e-06,71.6774557883804,71.67745578838097,5.526284667765292e-06,0.002,0.0007173125426905962,499.6413437286547,19516
Subject_15.fif,EMG 6,emg,107 (FIFF_UNIT_V),0,-922.932861328125,1049.75439453125,2.1077387383108944e-06,60.231483769611984,60.23148376961201,2.210513867106117e-06,0.002,0.0007195230590008909,499.6402384704996,19521
Subject_15.fif,EMG 7,emg,107 (FIFF_UNIT_V),0,-2198.2294921875,1624.0704345703125,-3.162537247032071e-05,83.38622092526151,83.38622092526752,1.2157826269083643e-05,0.002,0.0009361536574097612,499.53192317129515,19470
Subject_15.fif,EMG 8,emg,107 (FIFF_UNIT_V),0,-580.4284057617188,705.9190673828125,-7.376158671704406e-06,38.46652691378931,38.46652691379002,1.1052569335530584e-05,0.002,0.001147257965042895,499.4263710174786,19089
Subject_15.fif,Gyroscope 1,misc,-1 (FIFF_UNIT_NONE),0,-1.1780365705490112,-0.5534043312072754,-0.745399467426177,0.05890293235467188,0.7477231583140964,0.0,0.0,0.9002714514029042,49.86427429854791,4288
Subject_15.fif,Gyroscope 2,misc,-1 (FIFF_UNIT_NONE),0,-0.44183236360549927,0.12713590264320374,-0.19296626424660274,0.04898981020689944,0.19908787165821462,0.0,0.0,0.9002228200440777,49.88858997796115,3743
Subject_15.fif,Gyroscope 3,misc,-1 (FIFF_UNIT_NONE),0,0.13867151737213135,1.0316135883331299,0.622837041098348,0.07886366183469733,0.6278100484399105,0.0,0.0,0.9003653983460917,49.81730082695415,4997
Subject_15.fif,Accelerometer 1,misc,-1 (FIFF_UNIT_NONE),0,-173.1704864501953,173.8419189453125,-0.8740651265847215,13.504035148963291,13.532293048480275,0.0006410490214607739,0.02,0.9000725049349777,49.96374753251117,3940
Subject_15.fif,Accelerometer 2,misc,-1 (FIFF_UNIT_NONE),0,-159.14654541015625,231.6925811767578,1.4977849055293706,12.121714702876986,12.213898925452742,0.000851047838835855,0.02,0.9001012416470114,49.949379176494254,3669
Subject_15.fif,Accelerometer 3,misc,-1 (FIFF_UNIT_NONE),0,-87.668701171875,123.46865844726562,-0.43696969455935686,6.5948563807802,6.609317150589812,0.0015252545683032206,0.02,0.9002316621093188,49.88416894534056,2440
Subject_15.fif,Angle 1,misc,-1 (FIFF_UNIT_NONE),0,125.4094009399414,172.8264617919922,154.10898145790154,5.982204626471395,154.22504640357485,0.0,0.0,0.1326674521367956,433.66627393160223,19936
Subject_15.fif,Angle 2,misc,-1 (FIFF_UNIT_NONE),0,118.96560668945312,179.8479766845703,160.24890031143744,13.504873671912867,160.81695079785382,0.0,0.0,0.13269287307436398,433.65356346281806,20029
Subject_15.fif,Angle 3,misc,-1 (FIFF_UNIT_NONE),0,75.51683044433594,179.87889099121094,154.91632861235868,21.791741260814955,156.4415189708621,0.0,0.0,0.13270613617222574,433.64693191388716,20046
Subject_15.fif,Angle 4,misc,-1 (FIFF_UNIT_NONE),0,75.65803527832031,168.9590301513672,147.15037020045528,10.002426275376346,147.48993179714125,0.0,0.0,0.13270834668853604,433.645826655732,19997
Subject_15.fif,Angle 5,misc,-1 (FIFF_UNIT_NONE),0,19.907930374145508,179.93983459472656,121.30892662388412,58.565919488989095,134.7064311910521,0.0,0.0,0.13272050452824266,433.6397477358787,20009
Subject_15.fif,Angle 6,misc,-1 (FIFF_UNIT_NONE),0,34.9130973815918,179.94485473632812,159.44406764264048,23.916734035476107,161.22785390048028,0.0,0.0,0.13278571475939635,433.60714262030183,19955
Subject_15.fif,Angle 7,misc,-1 (FIFF_UNIT_NONE),0,43.208736419677734,177.87362670898438,155.21228347715802,20.585063188964014,156.57138234264684,0.0,0.0,0.13274371494950077,433.62814252524964,20006
Subject_15.fif,Angle 8,misc,-1 (FIFF_UNIT_NONE),0,3.602039098739624,179.86654663085938,114.35594776899676,62.062608887702254,130.1116836110171,0.0,0.0,0.1327613990799831,433.61930046000845,20018
Subject_15.fif,Angle 9,misc,-1 (FIFF_UNIT_NONE),0,18.895673751831055,179.96847534179688,152.076759349866,35.566118402638715,156.18031089925378,0.0,0.0,0.1328310303437574,433.58448482812133,19983
Subject_15.fif,Angle 10,misc,-1 (FIFF_UNIT_NONE),0,22.682275772094727,171.6103515625,141.79696521586357,30.19674637102958,144.9766285848347,0.0,0.0,0.1329083984146177,433.5458007926912,20030
Subject_15.fif,Angle 11,misc,-1 (FIFF_UNIT_NONE),0,2.122363328933716,179.9510955810547,111.639278158668,60.87447275459678,127.15750021504273,0.0,0.0,0.1326884520417434,433.6557739791283,20050
Subject_15.fif,Angle 12,misc,-1 (FIFF_UNIT_NONE),0,21.334177017211914,179.93267822265625,148.98114183148132,36.71830955592298,153.43928727042672,0.0,0.0,0.13281887250405078,433.5905637479746,19995
Subject_15.fif,Angle 13,misc,-1 (FIFF_UNIT_NONE),0,21.792011260986328,168.83482360839844,116.15348740226058,33.97699178593903,121.02094284267031,0.0,0.0,0.13272050452824266,433.6397477358787,20069
Subject_15.fif,Angle 14,misc,-1 (FIFF_UNIT_NONE),0,13.504646301269531,179.96295166015625,124.44591332290078,55.537123307442805,136.27603387256704,0.0,0.0,0.1328122409551199,433.5938795224401,20023
Subject_15.fif,Angle 15,misc,-1 (FIFF_UNIT_NONE),0,17.922151565551758,179.9709014892578,149.45529192451048,35.62240352654474,153.64192109332865,0.0,0.0,0.1328100304388096,433.5949847805952,19989
Subject_16.fif,EMG 1,emg,107 (FIFF_UNIT_V),0,-905.3226318359375,1717.752685546875,-2.2451161633088415e-06,85.40924140864674,85.40924140864676,5.514375425296205e-06,0.002,0.0011249338274219164,499.437533086289,19653
Subject_16.fif,EMG 2,emg,107 (FIFF_UNIT_V),0,-1279.7086181640625,1931.1339111328125,-4.212144309354491e-06,100.54351781403786,100.54351781403794,8.823000680473927e-06,0.002,0.0010113375683783307,499.4943312158108,19703
Subject_16.fif,EMG 3,emg,107 (FIFF_UNIT_V),0,-1406.8883056640625,2036.116943359375,-2.726375488195557e-06,111.62005104293031,111.62005104293034,8.823000680473927e-06,0.002,0.0009418563613905064,499.5290718193047,19735
Subject_16.fif,EMG 4,emg,107 (FIFF_UNIT_V),0,-1749.1986083984375,2051.5029296875,5.735423690104871e-07,121.95531699893613,121.95531699893613,2.2057501701184817e-06,0.002,0.000833774483853891,499.583112758073,19764
Subject_16.fif,EMG 5,emg,107 (FIFF_UNIT_V),0,-1756.4522705078125,2028.8214111328125,8.11626298441944e-06,114.71495413041592,114.7149541304162,5.514375425296205e-06,0.002,0.0007455443797423681,499.62722781012883,19803
Subject_16.fif,EMG 6,emg,107 (FIFF_UNIT_V),0,-1017.9349975585938,1664.388916015625,2.0207158246685736e-05,98.46485490041393,98.464854900416,2.2057501701184817e-06,0.002,0.0007532645138521263,499.6233677430739,19801
Subject_16.fif,EMG 7,emg,107 (FIFF_UNIT_V),0,-1462.1624755859375,1335.4749755859375,1.9062591818727656e-05,89.24859304797462,89.24859304797667,9.925875765533168e-06,0.002,0.0011238309511205223,499.4380845244397,19607
Subject_16.fif,EMG 8,emg,107 (FIFF_UNIT_V),0,-769.22998046875,1178.574462890625,-4.420001320344501e-06,65.56398867582709,65.56398867582725,1.2131625935651651e-05,0.002,0.0011723575083818598,499.41382124580906,19559
Subject_16.fif,Gyroscope 1,misc,-1 (FIFF_UNIT_NONE),0,-1.0345432758331299,0.15930135548114777,-0.7300424845404291,0.05441712215883512,0.7320677922282965,0.0,0.0,0.9003352743956238,49.83236280218811,3741
Subject_16.fif,Gyroscope 2,misc,-1 (FIFF_UNIT_NONE),0,-0.6964093446731567,-0.04516590014100075,-0.24750109423025113,0.058991113289825474,0.2544341625889587,0.0,0.0,0.9002514557967178,49.874272101641075,4122
Subject_16.fif,Gyroscope 3,misc,-1 (FIFF_UNIT_NONE),0,0.43646129965782166,1.0006078481674194,0.6263982427653318,0.048143162260819695,0.6282455910008181,0.0,0.0,0.9003308628904182,49.83456855479089,3590
Subject_16.fif,Accelerometer 1,misc,-1 (FIFF_UNIT_NONE),0,-110.37557983398438,157.31533813476562,-0.8523900911862891,10.733322559708839,10.767115771566091,0.0007720125595414687,0.02,0.9001135962590436,49.943201870478205,3517
Subject_16.fif,Accelerometer 2,misc,-1 (FIFF_UNIT_NONE),0,-103.3407211303711,230.33444213867188,1.550128401577332,9.087540846189896,9.218801261148135,0.00091538632059917,0.02,0.9001676371978119,49.91618140109405,3026
Subject_16.fif,Accelerometer 3,misc,-1 (FIFF_UNIT_NONE),0,-76.13214111328125,227.87757873535156,-0.42148286554768305,6.692182148455451,6.705441798573462,0.0015329963682323448,0.02,0.900198517734251,49.900741132874536,2293
Subject_16.fif,Angle 1,misc,-1 (FIFF_UNIT_NONE),0,129.1645965576172,169.32379150390625,153.4162110174726,4.684996747938628,153.48772914303564,0.0,0.0,0.12486655196753133,437.56672401623433,19958
Subject_16.fif,Angle 2,misc,-1 (FIFF_UNIT_NONE),0,129.23239135742188,179.8950653076172,168.8710300386013,7.294919289373782,169.0285201785091,0.0,0.0,0.12497242809246514,437.5137859537674,19990
Subject_16.fif,Angle 3,misc,-1 (FIFF_UNIT_NONE),0,116.5647201538086,179.9463653564453,162.09273250983858,12.345087744538105,162.56215772413464,0.0,0.0,0.12482023116287277,437.5898844185636,20081
Subject_16.fif,Angle 4,misc,-1 (FIFF_UNIT_NONE),0,90.79592895507812,163.42669677734375,149.10955422391592,7.186718091969234,149.28264493164755,0.0,0.0,0.12484449444150345,437.57775277924827,19990
Subject_16.fif,Angle 5,misc,-1 (FIFF_UNIT_NONE),0,18.745227813720703,179.8869171142578,133.73577586131717,57.39020473456018,145.52969918440428,0.0,0.0,0.1248345685547909,437.5827157226045,19948
Subject_16.fif,Angle 6,misc,-1 (FIFF_UNIT_NONE),0,39.188045501708984,179.97750854492188,165.2225621778778,20.88083592116479,166.53679581818938,0.0,0.0,0.12513896241397565,437.43051879301214,19851
Subject_16.fif,Angle 7,misc,-1 (FIFF_UNIT_NONE),0,51.289093017578125,175.7805633544922,161.32096850535902,11.678524704062013,161.7431383978017,0.0,0.0,0.12500882301041116,437.4955884947944,19990
Subject_16.fif,Angle 8,misc,-1 (FIFF_UNIT_NONE),0,21.985090255737305,179.86204528808594,125.61025397072686,61.00647876771421,139.6414206252073,0.0,0.0,0.1249437533086289,437.5281233456855,19969
Subject_16.fif,Angle 9,misc,-1 (FIFF_UNIT_NONE),0,22.926881790161133,179.9786376953125,161.27595710794992,24.4595288991243,163.120209952821,0.0,0.0,0.12496801658725958,437.5159917063702,19940
Subject_16.fif,Angle 10,misc,-1 (FIFF_UNIT_NONE),0,38.200721740722656,169.56776428222656,149.78119495143216,15.14928866578839,150.54536627926586,0.0,0.0,0.12483015704958532,437.58492147520735,19997
Subject_16.fif,Angle 11,misc,-1 (FIFF_UNIT_NONE),0,14.506529808044434,179.4651641845703,119.17748835508901,62.24574927550982,134.4537356621117,0.0,0.0,0.12494265043232751,437.5286747838362,20062
Subject_16.fif,Angle 12,misc,-1 (FIFF_UNIT_NONE),0,40.63726806640625,179.1520538330078,161.1692614830048,20.8081814670746,162.50695758318744,0.0,0.0,0.12502757190753486,437.4862140462326,20010
Subject_16.fif,Angle 13,misc,-1 (FIFF_UNIT_NONE),0,31.563201904296875,159.11166381835938,128.5051237185916,22.24626745321845,130.4164991001164,0.0,0.0,0.12477060172931004,437.61469913534495,20087
Subject_16.fif,Angle 14,misc,-1 (FIFF_UNIT_NONE),0,15.659433364868164,179.88653564453125,126.49089604603984,58.697635501184145,139.44661772864887,0.0,0.0,0.12497132521616376,437.5143373919181,19984
Subject_16.fif,Angle 15,misc,-1 (FIFF_UNIT_NONE),0,55.2396125793457,179.8588409423828,163.16151188975536,18.205614279562035,164.17406419238992,0.0,0.0,0.12497463384506793,437.512683077466,19901
Subject_17.fif,EMG 1,emg,107 (FIFF_UNIT_V),0,-460.76092529296875,726.25048828125,-8.544138526200134e-06,27.614200548461053,27.614200548462374,1.2149903297815116e-05,0.002,0.0016225661507738391,499.18871692461306,18915
Subject_17.fif,EMG 2,emg,107 (FIFF_UNIT_V),0,-550.520751953125,883.0642700195312,-5.97792813742288e-05,35.78650201468816,35.78650201473808,1.2149903297815116e-05,0.002,0.0010471019135014292,499.47644904324926,19157
Subject_17.fif,EMG 3,emg,107 (FIFF_UNIT_V),0,-680.1856079101562,906.396728515625,-6.11950850364312e-05,38.41946848381216,38.419468483860896,1.2149903297815116e-05,0.002,0.0010471019135014292,499.47644904324926,19241
Subject_17.fif,EMG 4,emg,107 (FIFF_UNIT_V),0,-562.1917724609375,901.8832397460938,-3.371420312814159e-05,36.48418645018125,36.48418645019683,1.3254439961252855e-05,0.002,0.0011188968759250505,499.44055156203746,19172
Subject_17.fif,EMG 5,emg,107 (FIFF_UNIT_V),0,-542.7379150390625,889.30126953125,-3.685190578549775e-05,37.221250962190354,37.2212509622086,1.2149903297815116e-05,0.002,0.0010857607394218407,499.45711963028907,19155
Subject_17.fif,EMG 6,emg,107 (FIFF_UNIT_V),0,-648.4428100585938,797.3797607421875,-3.0643836307726377e-05,33.61012583400297,33.61012583401695,1.4358976624690592e-05,0.002,0.0012039462929499555,499.39802685352504,19166
Subject_17.fif,EMG 7,emg,107 (FIFF_UNIT_V),0,-729.2582397460938,735.8990478515625,4.432516499123392e-06,39.36800949896178,39.36800949896203,1.3254439961252855e-05,0.002,0.0014778716880431565,499.26106415597843,19161
Subject_17.fif,EMG 8,emg,107 (FIFF_UNIT_V),0,-403.7115783691406,428.4540100097656,-8.70219402069406e-06,21.074699988777006,21.074699988778804,3.424063656656987e-05,0.002,0.001956136591572818,499.0219317042136,18516
Subject_17.fif,Gyroscope 1,misc,-1 (FIFF_UNIT_NONE),0,-1.1472138166427612,-0.6240218281745911,-0.8562183821800967,0.033520457906987454,0.8568742842922737,0.0,0.0,0.9007616893244205,49.61915533778978,2421
Subject_17.fif,Gyroscope 2,misc,-1 (FIFF_UNIT_NONE),0,-0.4840685725212097,0.22985781729221344,-0.24625872115590638,0.034612505725161294,0.24867927798253875,0.0,0.0,0.9004999138460451,49.750043076977455,2746
Subject_17.fif,Gyroscope 3,misc,-1 (FIFF_UNIT_NONE),0,0.24438413977622986,0.713865339756012,0.43995172784833203,0.05539311140968252,0.443425213117588,0.0,0.0,0.900685476210463,49.65726189476847,3659
Subject_17.fif,Accelerometer 1,misc,-1 (FIFF_UNIT_NONE),0,-84.83033752441406,220.9037628173828,-0.7805718810238399,5.943746798272737,5.99478260351637,0.001513215228909701,0.02,0.9001740751704302,49.9129624147849,2226
Subject_17.fif,Accelerometer 2,misc,-1 (FIFF_UNIT_NONE),0,-40.54581832885742,85.60859680175781,1.5517862932723616,4.92091889929951,5.159794910020269,0.0016788957284253614,0.02,0.9003408603908297,49.829569804585155,2010
Subject_17.fif,Accelerometer 3,misc,-1 (FIFF_UNIT_NONE),0,-390.1676940917969,56.33992004394531,-0.5026314388558119,5.44307980755266,5.46623784285991,0.002838659225034986,0.02,0.9003419649287131,49.82901753564344,1689
Subject_17.fif,Angle 1,misc,-1 (FIFF_UNIT_NONE),0,125.99186706542969,179.392578125,155.23785848758925,8.39420726740407,155.46464364433777,0.0,0.0,0.15501195109989882,422.4940244500506,20014
Subject_17.fif,Angle 2,misc,-1 (FIFF_UNIT_NONE),0,123.76531982421875,179.91781616210938,157.33514717121122,9.04406030981944,157.59487162428331,0.0,0.0,0.15511467312305877,422.4426634384706,20010
Subject_17.fif,Angle 3,misc,-1 (FIFF_UNIT_NONE),0,70.86363220214844,179.9681854248047,160.25955240530888,21.018924981532958,161.63204924930346,0.0,0.0,0.15504508723640203,422.47745638179896,20024
Subject_17.fif,Angle 4,misc,-1 (FIFF_UNIT_NONE),0,76.36962127685547,164.7387237548828,147.1848979753001,7.47192333144751,147.374434113487,0.0,0.0,0.1549843376528128,422.5078311735936,19975
Subject_17.fif,Angle 5,misc,-1 (FIFF_UNIT_NONE),0,22.03785514831543,179.9536895751953,123.31394801145208,63.0689565014977,138.50640074869796,0.0,0.0,0.1550881642138562,422.4559178930719,20026
Subject_17.fif,Angle 6,misc,-1 (FIFF_UNIT_NONE),0,26.04139518737793,179.94573974609375,167.9029375020716,15.573384181479355,168.62362443230936,0.0,0.0,0.15533226708609651,422.33386645695174,19894
Subject_17.fif,Angle 7,misc,-1 (FIFF_UNIT_NONE),0,82.44668579101562,179.64654541015625,158.0612540866633,9.281157651116791,158.3335085532864,0.0,0.0,0.15513786841861102,422.4310657906945,20013
Subject_17.fif,Angle 8,misc,-1 (FIFF_UNIT_NONE),0,21.22706413269043,179.6129150390625,107.9413593043751,65.23473331963149,126.1225890939432,0.0,0.0,0.15498986034223003,422.505069828885,20036
Subject_17.fif,Angle 9,misc,-1 (FIFF_UNIT_NONE),0,54.6198844909668,179.9260711669922,163.33414498931228,17.5621128400293,164.27559382572812,0.0,0.0,0.15505834169100333,422.47082915449835,19990
Subject_17.fif,Angle 10,misc,-1 (FIFF_UNIT_NONE),0,80.32772064208984,168.85784912109375,141.28819490333004,12.180487517286023,141.81226426229904,0.0,0.0,0.15501526471354915,422.4923676432254,20031
Subject_17.fif,Angle 11,misc,-1 (FIFF_UNIT_NONE),0,14.772649765014648,179.0208282470703,88.75835617251501,63.9793405908595,109.41390136947058,0.0,0.0,0.154999801183181,422.50009940840954,20081
Subject_17.fif,Angle 12,misc,-1 (FIFF_UNIT_NONE),0,43.69687271118164,179.78924560546875,157.7513218996395,18.48853023996462,158.83105902662038,0.0,0.0,0.15518978169913272,422.40510915043365,20007
Subject_17.fif,Angle 13,misc,-1 (FIFF_UNIT_NONE),0,45.30427932739258,153.78443908691406,113.66518488720187,15.871739877749011,114.76796757888812,0.0,0.0,0.15505723715311986,422.47138142344005,20078
Subject_17.fif,Angle 14,misc,-1 (FIFF_UNIT_NONE),0,17.058698654174805,179.68841552734375,90.22169712104787,58.49610553755032,107.5255736765088,0.0,0.0,0.15492469260710703,422.53765369644645,20099
Subject_17.fif,Angle 15,misc,-1 (FIFF_UNIT_NONE),0,66.77919006347656,179.88934326171875,153.45998352393994,19.49721859512875,154.69359416638477,0.0,0.0,0.15508043244867212,422.45978377566394,20043
Subject_18.fif,EMG 1,emg,107 (FIFF_UNIT_V),0,-609.896240234375,783.0277709960938,3.057097971676233e-05,46.543390133211254,46.543390133221294,1.2164037575817894e-05,0.002,0.0017239777773845964,499.1380111113077,19319
Subject_18.fif,EMG 2,emg,107 (FIFF_UNIT_V),0,-822.7005615234375,985.8043823242188,2.998188784448596e-05,55.976361175355066,55.976361175363095,8.846572782413013e-06,0.002,0.0015614218227498718,499.2192890886251,19390
Subject_18.fif,EMG 3,emg,107 (FIFF_UNIT_V),0,-932.181640625,1037.96337890625,6.105716023222691e-08,59.10253778258159,59.10253778258159,9.95239438021464e-06,0.004,0.0015370937206956952,499.23145313965216,19422
Subject_18.fif,EMG 4,emg,107 (FIFF_UNIT_V),0,-792.354736328125,1093.1334228515625,-2.594897240068953e-06,61.77822738082535,61.778227380825406,8.846572782413013e-06,0.002,0.001361267892213238,499.3193660538934,19555
Subject_18.fif,EMG 5,emg,107 (FIFF_UNIT_V),0,-762.7775268554688,1087.5784912109375,1.9539981628437576e-05,59.89966997610606,59.899669976109244,6.63492958680976e-06,0.002,0.0013446805499035723,499.32765972504825,19499
Subject_18.fif,EMG 6,emg,107 (FIFF_UNIT_V),0,-741.4650268554688,974.467041015625,5.46949007640952e-05,61.165838389919344,61.165838389943794,2.2116431956032533e-06,0.002,0.001174383835524337,499.41280808223786,19639
Subject_18.fif,EMG 7,emg,107 (FIFF_UNIT_V),0,-649.1771850585938,906.8787231445312,5.007269972950592e-05,50.15311657257172,50.153116572596716,2.322225355383416e-05,0.004,0.0016133954953201578,499.19330225233995,19332
Subject_18.fif,EMG 8,emg,107 (FIFF_UNIT_V),0,-425.18701171875,531.864990234375,2.4523980397121534e-05,39.006916720160376,39.00691672016808,1.65873239670244e-05,0.002,0.0017571524620039278,499.12142376899806,19210
Subject_18.fif,Gyroscope 1,misc,-1 (FIFF_UNIT_NONE),0,-1.0093357563018799,-0.5215440988540649,-0.8685018513997844,0.03204707828133479,0.8690929070653052,0.0,0.0,0.9004405598117448,49.77972009412764,2603
Subject_18.fif,Gyroscope 2,misc,-1 (FIFF_UNIT_NONE),0,-0.6596662998199463,-0.0907590463757515,-0.36877363877706726,0.036049801336701326,0.37053148966490623,0.0,0.0,0.9004184433553318,49.790778322334084,3055
Subject_18.fif,Gyroscope 3,misc,-1 (FIFF_UNIT_NONE),0,-0.3721303939819336,0.7382793426513672,0.31291134294752887,0.0722903381324887,0.3211532368395741,0.0,0.0,0.9005511420938092,49.72442895309542,4911
Subject_18.fif,Accelerometer 1,misc,-1 (FIFF_UNIT_NONE),0,-324.0613708496094,373.3053894042969,-0.8260245000845508,11.03257722207494,11.063456812216817,0.0010284140859555127,0.04,0.900190643854279,49.904678072860456,3515
Subject_18.fif,Accelerometer 2,misc,-1 (FIFF_UNIT_NONE),0,-151.92855834960938,129.7863006591797,1.4753366920393243,12.306903348311016,12.395018692182212,0.000663492958680976,0.02,0.9002017020824855,49.89914895875723,3860
Subject_18.fif,Accelerometer 3,misc,-1 (FIFF_UNIT_NONE),0,-136.9127197265625,121.71376037597656,-0.4515511453817827,7.563506383115176,7.576973488426604,0.0010837051658455941,0.02,0.9002791096799306,49.86044516003468,2677
Subject_18.fif,Angle 1,misc,-1 (FIFF_UNIT_NONE),0,129.72801208496094,170.98170471191406,156.77811253242507,4.289291965627621,156.83677692045364,0.0,0.0,0.0916594419575718,454.1702790212141,19889
Subject_18.fif,Angle 2,misc,-1 (FIFF_UNIT_NONE),0,121.91770935058594,179.92601013183594,162.0782158457601,10.937778068573339,162.4468622067603,0.0,0.0,0.09166607689449566,454.1669615527522,19981
Subject_18.fif,Angle 3,misc,-1 (FIFF_UNIT_NONE),0,104.33942413330078,179.9213409423828,167.6548007277303,10.527121440259556,167.9849769856606,0.0,0.0,0.091714733098604,454.142633450698,19961
Subject_18.fif,Angle 4,misc,-1 (FIFF_UNIT_NONE),0,119.67816162109375,165.97799682617188,146.98993640275992,6.8190495567089595,147.14802356995577,0.0,0.0,0.09167492347706081,454.1625382614696,19937
Subject_18.fif,Angle 5,misc,-1 (FIFF_UNIT_NONE),0,22.956804275512695,179.96841430664062,130.75279692019095,57.22450419454057,142.72679420054135,0.0,0.0,0.09173021461809303,454.1348926909535,19926
Subject_18.fif,Angle 6,misc,-1 (FIFF_UNIT_NONE),0,47.900535583496094,179.9408416748047,166.9477129769682,15.483548741792122,167.66418565060224,0.0,0.0,0.09186954829349422,454.0652258532529,19839
Subject_18.fif,Angle 7,misc,-1 (FIFF_UNIT_NONE),0,113.6439208984375,175.52627563476562,160.6047516649371,8.83757791203459,160.8477200357761,0.0,0.0,0.09174680196040269,454.1265990197987,19959
Subject_18.fif,Angle 8,misc,-1 (FIFF_UNIT_NONE),0,12.220393180847168,179.84950256347656,120.93436386730123,63.22585338452092,136.46475332550068,0.0,0.0,0.09158645765140926,454.2067711742954,19945
Subject_18.fif,Angle 9,misc,-1 (FIFF_UNIT_NONE),0,16.891265869140625,179.96791076660156,166.3663214247548,16.041069549677758,167.13787367530563,0.0,0.0,0.09184853765990197,454.07573117004904,19826
Subject_18.fif,Angle 10,misc,-1 (FIFF_UNIT_NONE),0,86.86176300048828,172.61328125,151.02895727717214,11.049113590015383,151.43258845887482,0.0,0.0,0.09165280702064793,454.1735964896761,19969
Subject_18.fif,Angle 11,misc,-1 (FIFF_UNIT_NONE),0,4.442403793334961,179.86444091796875,111.5562436239373,66.0891451937618,129.66329705790062,0.0,0.0,0.09166275942603372,454.1686202869831,19990
Subject_18.fif,Angle 12,misc,-1 (FIFF_UNIT_NONE),0,11.30084228515625,179.87750244140625,164.53282105029524,15.508250442520527,165.26207984458023,0.0,0.0,0.09166054778039244,454.1697261098038,19907
Subject_18.fif,Angle 13,misc,-1 (FIFF_UNIT_NONE),0,58.6882438659668,158.04673767089844,125.37678218292763,17.81624185145457,126.63631384502156,0.0,0.0,0.09171252145296271,454.14373927351863,20030
Subject_18.fif,Angle 14,misc,-1 (FIFF_UNIT_NONE),0,3.811537742614746,179.8885040283203,121.04489538207345,60.646347149139594,135.3877620783764,0.0,0.0,0.09167381765424017,454.16309117287994,19983
Subject_18.fif,Angle 15,misc,-1 (FIFF_UNIT_NONE),0,23.93638801574707,179.9042205810547,163.20082841035475,15.375847236265717,163.9235403231001,0.0,0.0,0.09174901360604398,454.125493196978,19935
Subject_19.fif,EMG 1,emg,107 (FIFF_UNIT_V),0,-416.0487060546875,395.86907958984375,1.9567932837815475e-06,36.87140389229005,36.8714038922901,8.815844717711142e-06,0.002,0.0008915032794978489,499.55424836025105,19343
Subject_19.fif,EMG 2,emg,107 (FIFF_UNIT_V),0,-491.10955810546875,573.6190795898438,-1.2024847603558433e-05,39.796530292158934,39.79653029216075,1.3223767076566713e-05,0.002,0.0009785598420198886,499.51072007899006,19293
Subject_19.fif,EMG 3,emg,107 (FIFF_UNIT_V),0,-750.7955322265625,623.3379516601562,-5.174524225032822e-05,45.439093362917504,45.43909336294696,1.212178648685282e-05,0.002,0.0009983955144932646,499.50080224275337,19393
Subject_19.fif,EMG 4,emg,107 (FIFF_UNIT_V),0,-1215.1390380859375,831.8209228515625,-9.23779490237099e-05,54.246940033544384,54.24694003362304,1.652970884570839e-05,0.002,0.0009179508427956838,499.54102457860216,19462
Subject_19.fif,EMG 5,emg,107 (FIFF_UNIT_V),0,-807.9749755859375,619.4863891601562,8.002717128256999e-06,44.5410527207573,44.54105272075802,8.815844717711142e-06,0.002,0.0008815854432611609,499.5592072783694,19403
Subject_19.fif,EMG 6,emg,107 (FIFF_UNIT_V),0,-604.1092529296875,776.3400268554688,1.5459474317791233e-05,42.79717749745282,42.797177497455614,5.509902948569464e-06,0.002,0.0008904012976937725,499.5547993511531,19391
Subject_19.fif,EMG 7,emg,107 (FIFF_UNIT_V),0,-611.378173828125,694.6997680664062,2.1605971900835962e-05,59.37900139993121,59.37900139993515,9.917825307425035e-06,0.002,0.0009785598420198886,499.51072007899006,19438
Subject_19.fif,EMG 8,emg,107 (FIFF_UNIT_V),0,-603.3667602539062,454.6507568359375,3.4729951579304976e-05,42.0118401908265,42.01184019084086,1.212178648685282e-05,0.002,0.0008904012976937725,499.5547993511531,19429
Subject_19.fif,Gyroscope 1,misc,-1 (FIFF_UNIT_NONE),0,-0.9805883169174194,-0.4483630955219269,-0.7060772974290968,0.06605786835626423,0.7091606249056349,0.0,0.0,0.90022436349531,49.88781825234501,4755
Subject_19.fif,Gyroscope 2,misc,-1 (FIFF_UNIT_NONE),0,-0.6630232334136963,-0.11456269770860672,-0.3777189819167447,0.05187037311151934,0.38126390454244463,0.0,0.0,0.9001879980957754,49.90600095211228,3855
Subject_19.fif,Gyroscope 3,misc,-1 (FIFF_UNIT_NONE),0,0.10723849385976791,0.8204935193061829,0.5880742776854487,0.07490623440193246,0.5928256910994492,0.0,0.0,0.9002750546582975,49.86247267085126,5079
Subject_19.fif,Accelerometer 1,misc,-1 (FIFF_UNIT_NONE),0,-185.66842651367188,271.0939025878906,-0.8250690199214054,16.839157063377904,16.85935792053612,0.00048487145947411284,0.02,0.9000458424430495,49.97707877847521,4857
Subject_19.fif,Accelerometer 2,misc,-1 (FIFF_UNIT_NONE),0,-90.82752227783203,112.29833984375,1.4706098462058763,11.512539190719174,11.606086848615366,0.0009807627248453645,0.02,0.9001086554058819,49.94567229705903,3722
Subject_19.fif,Accelerometer 3,misc,-1 (FIFF_UNIT_NONE),0,-64.19882202148438,174.3760223388672,-0.4130935812928139,7.568455515864789,7.579720654650109,0.0011791192309938653,0.04,0.9001351029691798,49.932448515410115,2710
Subject_19.fif,Angle 1,misc,-1 (FIFF_UNIT_NONE),0,125.61343383789062,171.8729705810547,149.02286387290414,5.186897778080728,149.113104271363,0.0,0.0,0.12811860850553636,435.9406957472318,19991
Subject_19.fif,Angle 2,misc,-1 (FIFF_UNIT_NONE),0,130.83082580566406,179.93080139160156,169.35860158192818,6.548937624182424,169.48517490857932,0.0,0.0,0.12824092848578883,435.87953575710554,20036
Subject_19.fif,Angle 3,misc,-1 (FIFF_UNIT_NONE),0,82.61945343017578,179.9734344482422,157.38565173717498,16.131759571899416,158.21023051503624,0.0,0.0,0.12804477572466325,435.97761213766836,20101
Subject_19.fif,Angle 4,misc,-1 (FIFF_UNIT_NONE),0,62.45769119262695,165.01992797851562,144.82126830596516,8.568683947357073,145.07453980053856,0.0,0.0,0.12802163410677764,435.98918294661115,20038
Subject_19.fif,Angle 5,misc,-1 (FIFF_UNIT_NONE),0,22.547704696655273,179.91831970214844,111.66494400483435,58.37140394881548,126.00111316396607,0.0,0.0,0.12808114112419774,435.9594294379011,20102
Subject_19.fif,Angle 6,misc,-1 (FIFF_UNIT_NONE),0,48.535953521728516,179.87696838378906,162.90374614196875,16.031700207795836,163.69070199201798,0.0,0.0,0.12824423443120106,435.87788278439945,20047
Subject_19.fif,Angle 7,misc,-1 (FIFF_UNIT_NONE),0,35.773231506347656,177.8943634033203,156.35274298319598,12.876634489817869,156.88208296090954,0.0,0.0,0.12810758868749558,435.9462056562522,20083
Subject_19.fif,Angle 8,misc,-1 (FIFF_UNIT_NONE),0,17.649173736572266,179.9556121826172,110.22453070431841,62.343870816772494,126.634139936297,0.0,0.0,0.12820456308625433,435.89771845687284,20069
Subject_19.fif,Angle 9,misc,-1 (FIFF_UNIT_NONE),0,28.168411254882812,179.96290588378906,165.58191280317845,14.219733228125675,166.19136758760504,0.0,0.0,0.12820456308625433,435.89771845687284,20029
Subject_19.fif,Angle 10,misc,-1 (FIFF_UNIT_NONE),0,24.7479190826416,172.8865966796875,141.29325342990663,15.323671690666215,142.12177306412673,0.0,0.0,0.12818913534099724,435.90543232950137,20107
Subject_19.fif,Angle 11,misc,-1 (FIFF_UNIT_NONE),0,12.681525230407715,179.86993408203125,94.64056920888544,60.36631120972564,112.25385903946145,0.0,0.0,0.12811860850553636,435.9406957472318,20126
Subject_19.fif,Angle 12,misc,-1 (FIFF_UNIT_NONE),0,48.23723220825195,179.97634887695312,163.2462849357293,14.421369676237125,163.88204736534144,0.0,0.0,0.12826847803089075,435.86576098455464,20030
Subject_19.fif,Angle 13,misc,-1 (FIFF_UNIT_NONE),0,31.866504669189453,160.38870239257812,124.15070801906629,15.875603788589409,125.16162789484532,0.0,0.0,0.12807342725156923,435.9632863742154,20116
Subject_19.fif,Angle 14,misc,-1 (FIFF_UNIT_NONE),0,11.95163345336914,179.94322204589844,111.32921381829787,61.14234420427412,127.01409411633898,0.0,0.0,0.12809877283306298,435.9506135834685,20107
Subject_19.fif,Angle 15,misc,-1 (FIFF_UNIT_NONE),0,46.89155197143555,179.9507293701172,162.4774402332694,15.219816663295244,163.18872940255386,0.0,0.0,0.12835884053882501,435.8205797305875,20055
Subject_20.fif,EMG 1,emg,107 (FIFF_UNIT_V),0,-413.2048645019531,614.4601440429688,1.643967972824025e-05,30.74347273003006,30.743472730034455,1.6497856928385003e-05,0.002,0.0013088314225127803,499.3455842887436,18935
Subject_20.fif,EMG 2,emg,107 (FIFF_UNIT_V),0,-873.2137451171875,645.9412231445312,4.5205095020839e-05,38.365428268597945,38.365428268624576,5.499285642795001e-06,0.002,0.0009909723627596766,499.5045138186202,19266
Subject_20.fif,EMG 3,emg,107 (FIFF_UNIT_V),0,-1582.5906982421875,1369.2742919921875,4.3972478198976075e-05,44.04336112542484,44.043361125446786,1.3198285542708002e-05,0.002,0.0008875856789645494,499.5562071605177,19383
Subject_20.fif,EMG 4,emg,107 (FIFF_UNIT_V),0,-2151.03955078125,1531.32958984375,3.572735822118063e-05,56.179398926365515,56.17939892637688,1.0998571285590002e-05,0.002,0.0008908852539792875,499.55455737301037,19368
Subject_20.fif,EMG 5,emg,107 (FIFF_UNIT_V),0,-1320.0164794921875,992.5784912109375,3.3438676478827064e-05,41.097561589393074,41.09756158940667,1.4298142671267003e-05,0.002,0.000910682704067716,499.5446586479662,19326
Subject_20.fif,EMG 6,emg,107 (FIFF_UNIT_V),0,-3507.76416015625,2847.40576171875,2.6851139656397904e-05,140.55516390460457,140.55516390460713,1.5397999799826003e-05,0.002,0.000943678454215097,499.5281607728925,19332
Subject_20.fif,EMG 7,emg,107 (FIFF_UNIT_V),0,-7978.0029296875,5952.53466796875,5.083962722896506e-06,221.47423767813225,221.4742376781323,1.5397999799826003e-05,0.002,0.0011174560716579705,499.44127196417105,19233
Subject_20.fif,EMG 8,emg,107 (FIFF_UNIT_V),0,-750.3457641601562,973.9758911132812,-1.5608032745495802e-05,28.035138691198647,28.03513869120299,1.9797428314062003e-05,0.002,0.001621191190574654,499.18940440471266,18749
Subject_20.fif,Gyroscope 1,misc,-1 (FIFF_UNIT_NONE),0,-1.0588961839675903,-0.41100969910621643,-0.8502091426941611,0.09839139776171488,0.8558834345132779,0.0,0.0,0.9006838919147214,49.65805404263931,4271
Subject_20.fif,Gyroscope 2,misc,-1 (FIFF_UNIT_NONE),0,-1.0322849750518799,0.07421855628490448,-0.20149997315944343,0.1620785004639191,0.2585955906350475,1.0998571285590002e-05,0.02,0.9004419230803072,49.779038459846376,6385
Subject_20.fif,Gyroscope 3,misc,-1 (FIFF_UNIT_NONE),0,0.17748978734016418,0.7613505721092224,0.4310702397822668,0.08180271794075435,0.4387633032609217,0.0,0.0,0.9006706936146625,49.66465319266879,5359
Subject_20.fif,Accelerometer 1,misc,-1 (FIFF_UNIT_NONE),0,-254.56732177734375,209.58084106445312,-0.7884954619018169,10.226147674905846,10.256501419218056,0.0009128814167039702,0.02,0.900150460620672,49.924769689663975,3197
Subject_20.fif,Accelerometer 2,misc,-1 (FIFF_UNIT_NONE),0,-125.00991821289062,120.76763916015625,1.528506864498933,7.361141418002496,7.518160427302157,0.0013528242681275701,0.04,0.9002945420629823,49.852728968508856,2607
Subject_20.fif,Accelerometer 3,misc,-1 (FIFF_UNIT_NONE),0,-133.15875244140625,70.92848205566406,-0.4216158972014073,7.788328801854365,7.799732398651072,0.0016167899789817303,0.02,0.9002648458878496,49.86757705607518,2753
Subject_20.fif,Angle 1,misc,-1 (FIFF_UNIT_NONE),0,125.33128356933594,176.9224395751953,156.0358489037308,6.639810170653975,156.17705728502577,0.0,0.0,0.121258281933287,439.3708590333565,20073
Subject_20.fif,Angle 2,misc,-1 (FIFF_UNIT_NONE),0,119.2333984375,178.81129455566406,167.70811326129382,7.679585436035262,167.88385058168137,0.0,0.0,0.12116149439952134,439.41925280023935,20045
Subject_20.fif,Angle 3,misc,-1 (FIFF_UNIT_NONE),0,71.5782470703125,179.97206115722656,165.96099479023638,15.049928789704241,166.64198795123644,0.0,0.0,0.12111420049097676,439.44289975451164,20054
Subject_20.fif,Angle 4,misc,-1 (FIFF_UNIT_NONE),0,70.92379760742188,167.07180786132812,149.33492865083787,7.747088773595248,149.535742548786,0.0,0.0,0.12119119057465398,439.404404712673,20052
Subject_20.fif,Angle 5,misc,-1 (FIFF_UNIT_NONE),0,35.01040267944336,179.86016845703125,147.36694868211308,35.00691265696828,151.4678233079526,0.0,0.0,0.12115599510783011,439.42200244608495,20140
Subject_20.fif,Angle 6,misc,-1 (FIFF_UNIT_NONE),0,69.89846801757812,179.90960693359375,164.35695965309378,15.913419084446295,165.1255494869462,0.0,0.0,0.12126818065833121,439.3659096708344,20092
Subject_20.fif,Angle 7,misc,-1 (FIFF_UNIT_NONE),0,34.27412796020508,177.5287628173828,155.2621404547428,18.217381730401264,156.32723772810493,0.0,0.0,0.12123958434153681,439.3802078292316,20081
Subject_20.fif,Angle 8,misc,-1 (FIFF_UNIT_NONE),0,24.122957229614258,179.8282928466797,135.1126542041038,39.40182269104942,140.740658508672,0.0,0.0,0.12123518490818383,439.3824075459081,20162
Subject_20.fif,Angle 9,misc,-1 (FIFF_UNIT_NONE),0,72.1368637084961,179.9765625,160.35626419173667,17.1178679149427,161.26733354118397,0.0,0.0,0.1212274858998161,439.38625705009196,20115
Subject_20.fif,Angle 10,misc,-1 (FIFF_UNIT_NONE),0,25.830245971679688,173.00425720214844,139.93709440532328,27.77237297429756,142.66637687706188,0.0,0.0,0.12120988816640417,439.39505591679796,20120
Subject_20.fif,Angle 11,misc,-1 (FIFF_UNIT_NONE),0,19.416109085083008,179.78558349609375,132.39166676685,40.57435745747472,138.46960645712687,0.0,0.0,0.12117689241625679,439.4115537918716,20166
Subject_20.fif,Angle 12,misc,-1 (FIFF_UNIT_NONE),0,51.23524856567383,179.9101104736328,161.2573157382358,14.853146255922798,161.9399204421223,0.0,0.0,0.12128577839174315,439.35711080412847,20112
Subject_20.fif,Angle 13,misc,-1 (FIFF_UNIT_NONE),0,26.727563858032227,163.69586181640625,121.69354855169318,29.919183005970186,125.31750584354941,0.0,0.0,0.12116369411619783,439.4181529419011,20149
Subject_20.fif,Angle 14,misc,-1 (FIFF_UNIT_NONE),0,28.32360076904297,179.10781860351562,147.3049479523851,33.223863988216785,151.0052079550981,0.0,0.0,0.12119998944135996,439.40000527932006,20115
Subject_20.fif,Angle 15,misc,-1 (FIFF_UNIT_NONE),0,76.05841064453125,179.8646697998047,163.06215135023268,15.647615439953483,163.8112116795516,0.0,0.0,0.12123628476652207,439.38185761673896,20083
